region,Resource,technology,cluster,Zone,Model,LDS,Min_Share,Max_Share,Existing_Cap_MW,num_units,unmodified_existing_cap_mw,New_Build,Cap_Size,Min_Cap_MW,Max_Cap_MW,Min_Share_percent,Max_Share_percent,capex_mw,Inv_Cost_per_MWyr,Fixed_OM_Cost_per_MWyr,capex_mwh,Var_OM_Cost_per_MWh,Start_Cost_per_MW,Start_Fuel_MMBTU_per_MW,Heat_Rate_MMBTU_per_MWh,heat_rate_mmbtu_mwh_iqr,heat_rate_mmbtu_mwh_std,Fuel,Min_Power,Reg_Max,Rsv_Max,Reg_Cost,Rsv_Cost,CO2_Capture_Rate,CO2_Capture_Cost_per_Metric_Ton,co2_pipeline_annuity_mw,co2_pipeline_capex_mw,storage_cost_tonne,tonne_co2_captured_mwh,co2_cost_mwh,Ramp_Up_Percentage,Ramp_Dn_Percentage,Up_Time,Down_Time,spur_miles,spur_capex,offshore_spur_miles,offshore_spur_capex,tx_miles,tx_capex,interconnect_annuity,interconnect_capex_mw,regional_cost_multiplier,variable_CF,RETRO,Num_RETRO_Sources,Retro1_Source,Retro1_Efficiency,Retro1_Inv_Cost_per_MWyr,Retro2_Source,Retro2_Efficiency,Retro2_Inv_Cost_per_MWyr,Retro3_Source,gen_is_variable,Retro3_Efficiency,old_Inv_Cost_per_MWyr,old_Inv_Cost_per_MWhyr,Can_Retire
BASN,BASN_conventional_steam_coal_1,Conventional Steam Coal,1,1,1,0,0,0,1178.2,4,1178.2,0,294.55,0,0,0,0,0,0,71499,0,1.88,124,16.5,10.57,0.845,0.638,mountain_coal,0,0.095,0.19,0,0,0,0,0,0,0,0,0,1,1,24,24,0,0,0,0,0,0,0,0,0,0,0,0,0,0,0,0,0,0,0,0,0,0,0,0
BASN,BASN_conventional_steam_coal_2,Conventional Steam Coal,2,1,1,0,0,0,1822,4,1822,0,455.5,0,0,0,0,0,0,61341,0,1.88,124,16.5,10.34,0.447,0.35,mountain_coal,0,0.095,0.19,0,0,0,0,0,0,0,0,0,1,1,24,24,0,0,0,0,0,0,0,0,0,0,0,0,0,0,0,0,0,0,0,0,0,0,0,0
BASN,BASN_geothermal_1,Geothermal,1,1,1,0,0,0,462.4,60,893.52,0,7.71,0,0,0,0,0,0,209101,0,0,0,0,8.94,0,0.158,None,0,0,0,0,0,0,0,0,0,0,0,0,1,1,0,0,0,0,0,0,0,0,0,0,0,0,0,0,0,0,0,0,0,0,0,0,0,0,0,0
BASN,BASN_natural_gas_fired_combined_cycle_1,Natural Gas Fired Combined Cycle,1,1,1,0,0,0,1018.3,8,1018.304,0,127.29,0,0,0,0,0,0,16492,0,4.55,92,2,8.25,0.762,0.763,mountain_naturalgas,0,0.106666667,0.213333333,0,0,0,0,0,0,0,0,0,1,1,6,6,0,0,0,0,0,0,0,0,0,0,0,0,0,0,0,0,0,0,0,0,0,0,0,0
BASN,BASN_natural_gas_fired_combined_cycle_2,Natural Gas Fired Combined Cycle,2,1,1,0,0,0,7294,15,7294.005,0,486.27,0,0,0,0,0,0,10628,0,3.59,92,2,7.56,0.521,0.622,mountain_naturalgas,0,0.106666667,0.213333333,0,0,0,0,0,0,0,0,0,1,1,6,6,0,0,0,0,0,0,0,0,0,0,0,0,0,0,0,0,0,0,0,0,0,0,0,0
BASN,BASN_natural_gas_fired_combustion_turbine_1,Natural Gas Fired Combustion Turbine,1,1,1,0,0,0,1946.8,31,1946.8,0,62.8,0,0,0,0,0,0,10311,0,6.8,119,3.5,12.06,1.172,1.77,mountain_naturalgas,0,0.106666667,0.213333333,0,0,0,0,0,0,0,0,0,1,1,1,1,0,0,0,0,0,0,0,0,0,0,0,0,0,0,0,0,0,0,0,0,0,0,0,0
BASN,BASN_natural_gas_fired_combustion_turbine_2,Natural Gas Fired Combustion Turbine,2,1,1,0,0,0,236.2,20,236.2,0,11.81,0,0,0,0,0,0,13412,0,6.8,119,3.5,11.14,2.211,2.058,mountain_naturalgas,0,0.106666667,0.213333333,0,0,0,0,0,0,0,0,0,1,1,1,1,0,0,0,0,0,0,0,0,0,0,0,0,0,0,0,0,0,0,0,0,0,0,0,0
BASN,BASN_natural_gas_internal_combustion_engine_1,Natural Gas Internal Combustion Engine,1,1,1,0,0,0,221.4,53,221.381,0,4.18,0,0,0,0,0,0,24000,0,6.36,38,0,9.6,1.718,2.984,mountain_naturalgas,0,0.106666667,0.213333333,0,0,0,0,0,0,0,0,0,1,1,1,1,0,0,0,0,0,0,0,0,0,0,0,0,0,0,0,0,0,0,0,0,0,0,0,0
BASN,BASN_natural_gas_steam_turbine_1,Natural Gas Steam Turbine,1,1,1,0,0,0,468.5,6,468.498,0,78.08,0,0,0,0,0,0,51303,0,1.06,87,13.7,15.52,6.478,4.158,mountain_naturalgas,0,0.63,1.26,0,0,0,0,0,0,0,0,0,1,1,6,6,0,0,0,0,0,0,0,0,0,0,0,0,0,0,0,0,0,0,0,0,0,0,0,0
BASN,BASN_petroleum_liquids_1,Petroleum Liquids,1,1,1,0,0,0,25.8,15,25.8,0,1.72,0,0,0,0,0,0,24000,0,8.22,38,0,12.4,0.143,2.942,mountain_distillate,0,0,0,0,0,0,0,0,0,0,0,0,1,1,1,1,0,0,0,0,0,0,0,0,0,0,0,0,0,0,0,0,0,0,0,0,0,0,0,0
CANO,CANO_geothermal_1,Geothermal,1,2,1,0,0,0,0,0,0,0,1,0,0,0,0,0,0,209101,0,0,0,0,8.86,0,0.075,None,0,0,0,0,0,0,0,0,0,0,0,0,1,1,0,0,0,0,0,0,0,0,0,0,0,0,0,0,0,0,0,0,0,0,0,0,0,0,0,0
CANO,CANO_natural_gas_fired_combined_cycle_1,Natural Gas Fired Combined Cycle,1,2,1,0,0,0,3112.8,26,3112.798,0,119.72,0,0,0,0,0,0,16492,0,4.55,92,2,8.63,2.252,3.324,pacific_naturalgas,0,0.106666667,0.213333333,0,0,0,0,0,0,0,0,0,1,1,6,6,0,0,0,0,0,0,0,0,0,0,0,0,0,0,0,0,0,0,0,0,0,0,0,0
CANO,CANO_natural_gas_fired_combined_cycle_2,Natural Gas Fired Combined Cycle,2,2,1,0,0,0,8296.9,16,8296.896,0,518.56,0,0,0,0,0,0,10426,0,3.6,92,2,7.42,0.707,0.427,pacific_naturalgas,0,0.106666667,0.213333333,0,0,0,0,0,0,0,0,0,1,1,6,6,0,0,0,0,0,0,0,0,0,0,0,0,0,0,0,0,0,0,0,0,0,0,0,0
CANO,CANO_natural_gas_fired_combustion_turbine_1,Natural Gas Fired Combustion Turbine,1,2,1,0,0,0,2248.7,26,2248.688,0,86.49,0,0,0,0,0,0,9973,0,6.8,119,3.5,10.76,1.198,0.859,pacific_naturalgas,0,0.106666667,0.213333333,0,0,0,0,0,0,0,0,0,1,1,1,1,0,0,0,0,0,0,0,0,0,0,0,0,0,0,0,0,0,0,0,0,0,0,0,0
CANO,CANO_natural_gas_fired_combustion_turbine_2,Natural Gas Fired Combustion Turbine,2,2,1,0,0,0,2426.8,99,2426.787,0,24.51,0,0,0,0,0,0,13412,0,6.8,119,3.5,10.92,2.347,2.508,pacific_naturalgas,0,0.106666667,0.213333333,0,0,0,0,0,0,0,0,0,1,1,1,1,0,0,0,0,0,0,0,0,0,0,0,0,0,0,0,0,0,0,0,0,0,0,0,0
CANO,CANO_natural_gas_internal_combustion_engine_1,Natural Gas Internal Combustion Engine,1,2,1,0,0,0,444.4,83,444.382,0,5.35,0,0,0,0,0,0,24000,0,5.98,38,0,9.02,2.03,1.051,pacific_naturalgas,0,0.106666667,0.213333333,0,0,0,0,0,0,0,0,0,1,1,1,1,0,0,0,0,0,0,0,0,0,0,0,0,0,0,0,0,0,0,0,0,0,0,0,0
CANO,CANO_natural_gas_steam_turbine_1,Natural Gas Steam Turbine,1,2,1,0,0,0,2.9,1,2.9,0,2.9,0,0,0,0,0,0,51303,0,1.06,87,13.7,9.21,0,0,pacific_naturalgas,0,0.63,1.26,0,0,0,0,0,0,0,0,0,1,1,6,6,0,0,0,0,0,0,0,0,0,0,0,0,0,0,0,0,0,0,0,0,0,0,0,0
CANO,CANO_nuclear_1,Nuclear,1,2,1,0,0,0,0,0,0,0,1,0,0,0,0,0,0,193275,0,2.47,248,0,10.45,0,0,pacific_uranium,0,0.041666667,0.083333333,0,0,0,0,0,0,0,0,0,1,1,24,24,0,0,0,0,0,0,0,0,0,0,0,0,0,0,0,0,0,0,0,0,0,0,0,0
CANO,CANO_petroleum_liquids_1,Petroleum Liquids,1,2,1,0,0,0,177.3,82,177.284,0,2.16,0,0,0,0,0,0,24000,0,7.72,38,0,11.65,4.66,2.539,pacific_distillate,0,0,0,0,0,0,0,0,0,0,0,0,1,1,1,1,0,0,0,0,0,0,0,0,0,0,0,0,0,0,0,0,0,0,0,0,0,0,0,0
CASO,CASO_conventional_steam_coal_1,Conventional Steam Coal,1,3,1,0,0,0,0,1,0,0,1,0,0,0,0,0,0,78022,0,1.88,124,16.5,10.84,0,0,pacific_coal,0,0.095,0.19,0,0,0,0,0,0,0,0,0,1,1,24,24,0,0,0,0,0,0,0,0,0,0,0,0,0,0,0,0,0,0,0,0,0,0,0,0
CASO,CASO_geothermal_1,Geothermal,1,3,1,0,0,0,23.6,1,44.4,0,23.65,0,0,0,0,0,0,209101,0,0,0,0,9.21,0,0.087,None,0,0,0,0,0,0,0,0,0,0,0,0,1,1,0,0,0,0,0,0,0,0,0,0,0,0,0,0,0,0,0,0,0,0,0,0,0,0,0,0
CASO,CASO_natural_gas_fired_combined_cycle_1,Natural Gas Fired Combined Cycle,1,3,1,0,0,0,2104.9,28,2104.9,0,75.18,0,0,0,0,0,0,16492,0,4.55,92,2,9.66,4.533,2.587,pacific_naturalgas,0,0.106666667,0.213333333,0,0,0,0,0,0,0,0,0,1,1,6,6,0,0,0,0,0,0,0,0,0,0,0,0,0,0,0,0,0,0,0,0,0,0,0,0
CASO,CASO_natural_gas_fired_combined_cycle_2,Natural Gas Fired Combined Cycle,2,3,1,0,0,0,7481.6,18,7481.592,0,415.64,0,0,0,0,0,0,10164,0,3.6,92,2,7.42,1.049,0.974,pacific_naturalgas,0,0.106666667,0.213333333,0,0,0,0,0,0,0,0,0,1,1,6,6,0,0,0,0,0,0,0,0,0,0,0,0,0,0,0,0,0,0,0,0,0,0,0,0
CASO,CASO_natural_gas_fired_combustion_turbine_1,Natural Gas Fired Combustion Turbine,1,3,1,0,0,0,1872.1,99,1872.09,0,18.91,0,0,0,0,0,0,13412,0,6.8,119,3.5,10.86,2.347,1.964,pacific_naturalgas,0,0.106666667,0.213333333,0,0,0,0,0,0,0,0,0,1,1,1,1,0,0,0,0,0,0,0,0,0,0,0,0,0,0,0,0,0,0,0,0,0,0,0,0
CASO,CASO_natural_gas_fired_combustion_turbine_2,Natural Gas Fired Combustion Turbine,2,3,1,0,0,0,4573.4,57,4573.395,0,80.24,0,0,0,0,0,0,9634,0,6.8,119,3.5,10.41,2.236,1.93,pacific_naturalgas,0,0.106666667,0.213333333,0,0,0,0,0,0,0,0,0,1,1,1,1,0,0,0,0,0,0,0,0,0,0,0,0,0,0,0,0,0,0,0,0,0,0,0,0
CASO,CASO_natural_gas_internal_combustion_engine_1,Natural Gas Internal Combustion Engine,1,3,1,0,0,0,50.2,28,50.204,0,1.79,0,0,0,0,0,0,24000,0,5.72,38,0,8.63,1.033,1.179,pacific_naturalgas,0,0.106666667,0.213333333,0,0,0,0,0,0,0,0,0,1,1,1,1,0,0,0,0,0,0,0,0,0,0,0,0,0,0,0,0,0,0,0,0,0,0,0,0
CASO,CASO_natural_gas_steam_turbine_1,Natural Gas Steam Turbine,1,3,1,0,0,0,1.5,1,1.5,0,1.5,0,0,0,0,0,0,51303,0,1.06,87,13.7,9.21,3.363,2.509,pacific_naturalgas,0,0.63,1.26,0,0,0,0,0,0,0,0,0,1,1,6,6,0,0,0,0,0,0,0,0,0,0,0,0,0,0,0,0,0,0,0,0,0,0,0,0
CASO,CASO_petroleum_liquids_1,Petroleum Liquids,1,3,1,0,0,0,14.1,31,14.105,0,0.46,0,0,0,0,0,0,24000,0,7.54,38,0,11.38,8.736,4.164,pacific_distillate,0,0,0,0,0,0,0,0,0,0,0,0,1,1,1,1,0,0,0,0,0,0,0,0,0,0,0,0,0,0,0,0,0,0,0,0,0,0,0,0
FRCC,FRCC_conventional_steam_coal_1,Conventional Steam Coal,1,4,1,0,0,0,3135,6,3135,0,522.5,0,0,0,0,0,0,61430,0,1.88,124,16.5,10.27,0.781,0.439,south_atlantic_coal,0,0.095,0.19,0,0,0,0,0,0,0,0,0,1,1,24,24,0,0,0,0,0,0,0,0,0,0,0,0,0,0,0,0,0,0,0,0,0,0,0,0
FRCC,FRCC_conventional_steam_coal_2,Conventional Steam Coal,2,4,1,0,0,0,442,1,442,0,442,0,0,0,0,0,0,75717,0,1.88,124,16.5,17.54,0,0,south_atlantic_coal,0,0.095,0.19,0,0,0,0,0,0,0,0,0,1,1,24,24,0,0,0,0,0,0,0,0,0,0,0,0,0,0,0,0,0,0,0,0,0,0,0,0
FRCC,FRCC_natural_gas_fired_combined_cycle_1,Natural Gas Fired Combined Cycle,1,4,1,0,0,0,31114.2,42,31114.188,0,740.81,0,0,0,0,0,0,12025,0,3.56,92,2,7.1,0.655,0.434,south_atlantic_naturalgas,0,0.106666667,0.213333333,0,0,0,0,0,0,0,0,0,1,1,6,6,0,0,0,0,0,0,0,0,0,0,0,0,0,0,0,0,0,0,0,0,0,0,0,0
FRCC,FRCC_natural_gas_fired_combined_cycle_2,Natural Gas Fired Combined Cycle,2,4,1,0,0,0,2698.7,13,2698.696,0,207.59,0,0,0,0,0,0,16492,0,4.55,92,2,7.94,1.222,2.111,south_atlantic_naturalgas,0,0.106666667,0.213333333,0,0,0,0,0,0,0,0,0,1,1,6,6,0,0,0,0,0,0,0,0,0,0,0,0,0,0,0,0,0,0,0,0,0,0,0,0
FRCC,FRCC_natural_gas_fired_combustion_turbine_1,Natural Gas Fired Combustion Turbine,1,4,1,0,0,0,7864.4,52,7864.376,0,151.24,0,0,0,0,0,0,9265,0,6.8,119,3.5,10.96,1.204,1.068,south_atlantic_naturalgas,0,0.106666667,0.213333333,0,0,0,0,0,0,0,0,0,1,1,1,1,0,0,0,0,0,0,0,0,0,0,0,0,0,0,0,0,0,0,0,0,0,0,0,0
FRCC,FRCC_natural_gas_fired_combustion_turbine_2,Natural Gas Fired Combustion Turbine,2,4,1,0,0,0,1068.9,25,1068.9,0,42.76,0,0,0,0,0,0,11594,0,6.8,119,3.5,13.9,4.684,2.789,south_atlantic_naturalgas,0,0.106666667,0.213333333,0,0,0,0,0,0,0,0,0,1,1,1,1,0,0,0,0,0,0,0,0,0,0,0,0,0,0,0,0,0,0,0,0,0,0,0,0
FRCC,FRCC_natural_gas_internal_combustion_engine_1,Natural Gas Internal Combustion Engine,1,4,1,0,0,0,250.9,19,250.895,0,13.2,0,0,0,0,0,0,24000,0,5.53,38,0,8.35,0.386,0.36,south_atlantic_naturalgas,0,0.106666667,0.213333333,0,0,0,0,0,0,0,0,0,1,1,1,1,0,0,0,0,0,0,0,0,0,0,0,0,0,0,0,0,0,0,0,0,0,0,0,0
FRCC,FRCC_natural_gas_steam_turbine_1,Natural Gas Steam Turbine,1,4,1,0,0,0,746,2,746,0,373,0,0,0,0,0,0,34381,0,1.06,87,13.7,13.08,3.008,3.654,south_atlantic_naturalgas,0,0.63,1.26,0,0,0,0,0,0,0,0,0,1,1,6,6,0,0,0,0,0,0,0,0,0,0,0,0,0,0,0,0,0,0,0,0,0,0,0,0
FRCC,FRCC_nuclear_1,Nuclear,1,4,1,0,0,0,3737,4,3737,0,934.25,0,0,0,0,0,0,193275,0,2.47,248,0,10.45,0,0,south_atlantic_uranium,0,0.041666667,0.083333333,0,0,0,0,0,0,0,0,0,1,1,24,24,0,0,0,0,0,0,0,0,0,0,0,0,0,0,0,0,0,0,0,0,0,0,0,0
FRCC,FRCC_petroleum_liquids_1,Petroleum Liquids,1,4,1,0,0,0,455.6,42,455.616,0,10.85,0,0,0,0,0,0,24000,0,8.37,38,0,12.63,2.549,2.071,south_atlantic_distillate,0,0,0,0,0,0,0,0,0,0,0,0,1,1,1,1,0,0,0,0,0,0,0,0,0,0,0,0,0,0,0,0,0,0,0,0,0,0,0,0
ISNE,ISNE_conventional_steam_coal_1,Conventional Steam Coal,1,5,1,0,0,0,0,0,0,0,1,0,0,0,0,0,0,66143,0,1.88,124,16.5,9.21,0,0,new_england_coal,0,0.095,0.19,0,0,0,0,0,0,0,0,0,1,1,24,24,0,0,0,0,0,0,0,0,0,0,0,0,0,0,0,0,0,0,0,0,0,0,0,0
ISNE,ISNE_conventional_steam_coal_2,Conventional Steam Coal,2,5,1,0,0,0,330,1,330,0,330,0,0,0,0,0,0,77979,0,1.88,124,16.5,12.5,0.039,0.055,new_england_coal,0,0.095,0.19,0,0,0,0,0,0,0,0,0,1,1,24,24,0,0,0,0,0,0,0,0,0,0,0,0,0,0,0,0,0,0,0,0,0,0,0,0
ISNE,ISNE_natural_gas_fired_combined_cycle_1,Natural Gas Fired Combined Cycle,1,5,1,0,0,0,3370.8,24,3370.8,0,140.45,0,0,0,0,0,0,16492,0,4.55,92,2,8.8,2.162,2.459,new_england_naturalgas,0,0.106666667,0.213333333,0,0,0,0,0,0,0,0,0,1,1,6,6,0,0,0,0,0,0,0,0,0,0,0,0,0,0,0,0,0,0,0,0,0,0,0,0
ISNE,ISNE_natural_gas_fired_combined_cycle_2,Natural Gas Fired Combined Cycle,2,5,1,0,0,0,10513.3,23,10513.3,0,457.1,0,0,0,0,0,0,9787,0,3.61,92,2,7.46,0.477,0.465,new_england_naturalgas,0,0.106666667,0.213333333,0,0,0,0,0,0,0,0,0,1,1,6,6,0,0,0,0,0,0,0,0,0,0,0,0,0,0,0,0,0,0,0,0,0,0,0,0
ISNE,ISNE_natural_gas_fired_combustion_turbine_1,Natural Gas Fired Combustion Turbine,1,5,1,0,0,0,1338.4,29,1338.408,0,46.15,0,0,0,0,0,0,10366,0,6.8,119,3.5,9.86,0.382,0.568,new_england_naturalgas,0,0.106666667,0.213333333,0,0,0,0,0,0,0,0,0,1,1,1,1,0,0,0,0,0,0,0,0,0,0,0,0,0,0,0,0,0,0,0,0,0,0,0,0
ISNE,ISNE_natural_gas_fired_combustion_turbine_2,Natural Gas Fired Combustion Turbine,2,5,1,0,0,0,437.8,16,437.792,0,27.36,0,0,0,0,0,0,12374,0,6.8,119,3.5,12.23,0,0.217,new_england_naturalgas,0,0.106666667,0.213333333,0,0,0,0,0,0,0,0,0,1,1,1,1,0,0,0,0,0,0,0,0,0,0,0,0,0,0,0,0,0,0,0,0,0,0,0,0
ISNE,ISNE_natural_gas_internal_combustion_engine_1,Natural Gas Internal Combustion Engine,1,5,1,0,0,0,63.6,32,63.616,0,1.99,0,0,0,0,0,0,24000,0,5.86,38,0,8.85,1.914,1.453,new_england_naturalgas,0,0.106666667,0.213333333,0,0,0,0,0,0,0,0,0,1,1,1,1,0,0,0,0,0,0,0,0,0,0,0,0,0,0,0,0,0,0,0,0,0,0,0,0
ISNE,ISNE_natural_gas_steam_turbine_1,Natural Gas Steam Turbine,1,5,1,0,0,0,41.9,9,41.904,0,4.66,0,0,0,0,0,0,51303,0,1.06,87,13.7,10.91,3.363,2.958,new_england_naturalgas,0,0.63,1.26,0,0,0,0,0,0,0,0,0,1,1,6,6,0,0,0,0,0,0,0,0,0,0,0,0,0,0,0,0,0,0,0,0,0,0,0,0
ISNE,ISNE_nuclear_1,Nuclear,1,5,1,0,0,0,3355.5,3,3355.5,0,1118.5,0,0,0,0,0,0,223817,0,2.47,248,0,10.45,0,0,new_england_uranium,0,0.041666667,0.083333333,0,0,0,0,0,0,0,0,0,1,1,24,24,0,0,0,0,0,0,0,0,0,0,0,0,0,0,0,0,0,0,0,0,0,0,0,0
ISNE,ISNE_petroleum_liquids_1,Petroleum Liquids,1,5,1,0,0,0,1043.7,92,1043.74,0,11.34,0,0,0,0,0,0,24000,0,8.36,38,0,12.61,4.952,4.217,new_england_distillate,0,0,0,0,0,0,0,0,0,0,0,0,1,1,1,1,0,0,0,0,0,0,0,0,0,0,0,0,0,0,0,0,0,0,0,0,0,0,0,0
MISC,MISC_conventional_steam_coal_1,Conventional Steam Coal,1,6,1,0,0,0,2409,8,2409,0,301.12,0,0,0,0,0,0,74481,0,1.88,124,16.5,14.07,1.045,4.334,east_north_central_coal,0,0.095,0.19,0,0,0,0,0,0,0,0,0,1,1,24,24,0,0,0,0,0,0,0,0,0,0,0,0,0,0,0,0,0,0,0,0,0,0,0,0
MISC,MISC_conventional_steam_coal_2,Conventional Steam Coal,2,6,1,0,0,0,13084.2,32,13084.192,0,408.88,0,0,0,0,0,0,61839,0,1.88,124,16.5,10.33,1.193,0.895,east_north_central_coal,0,0.095,0.19,0,0,0,0,0,0,0,0,0,1,1,24,24,0,0,0,0,0,0,0,0,0,0,0,0,0,0,0,0,0,0,0,0,0,0,0,0
MISC,MISC_natural_gas_fired_combined_cycle_1,Natural Gas Fired Combined Cycle,1,6,1,0,0,0,1583.6,7,1583.603,0,226.23,0,0,0,0,0,0,14133,0,4.22,92,2,8.6,0.863,0.895,east_north_central_naturalgas,0,0.106666667,0.213333333,0,0,0,0,0,0,0,0,0,1,1,6,6,0,0,0,0,0,0,0,0,0,0,0,0,0,0,0,0,0,0,0,0,0,0,0,0
MISC,MISC_natural_gas_fired_combined_cycle_2,Natural Gas Fired Combined Cycle,2,6,1,0,0,0,3192.5,6,3192.498,0,532.08,0,0,0,0,0,0,9787,0,3.61,92,2,7.2,0.839,0.52,east_north_central_naturalgas,0,0.106666667,0.213333333,0,0,0,0,0,0,0,0,0,1,1,6,6,0,0,0,0,0,0,0,0,0,0,0,0,0,0,0,0,0,0,0,0,0,0,0,0
MISC,MISC_natural_gas_fired_combustion_turbine_1,Natural Gas Fired Combustion Turbine,1,6,1,0,0,0,577.6,21,577.605,0,27.5,0,0,0,0,0,0,13412,0,6.8,119,3.5,10.86,2.347,4.411,east_north_central_naturalgas,0,0.106666667,0.213333333,0,0,0,0,0,0,0,0,0,1,1,1,1,0,0,0,0,0,0,0,0,0,0,0,0,0,0,0,0,0,0,0,0,0,0,0,0
MISC,MISC_natural_gas_fired_combustion_turbine_2,Natural Gas Fired Combustion Turbine,2,6,1,0,0,0,9055.4,112,9055.424,0,80.85,0,0,0,0,0,0,9821,0,6.8,119,3.5,12.37,1.805,1.7,east_north_central_naturalgas,0,0.106666667,0.213333333,0,0,0,0,0,0,0,0,0,1,1,1,1,0,0,0,0,0,0,0,0,0,0,0,0,0,0,0,0,0,0,0,0,0,0,0,0
MISC,MISC_natural_gas_internal_combustion_engine_1,Natural Gas Internal Combustion Engine,1,6,1,0,0,0,76.7,29,76.705,0,2.64,0,0,0,0,0,0,24000,0,7.84,38,0,11.83,0.271,6.027,east_north_central_naturalgas,0,0.106666667,0.213333333,0,0,0,0,0,0,0,0,0,1,1,1,1,0,0,0,0,0,0,0,0,0,0,0,0,0,0,0,0,0,0,0,0,0,0,0,0
MISC,MISC_natural_gas_steam_turbine_1,Natural Gas Steam Turbine,1,6,1,0,0,0,200.6,14,200.606,0,14.33,0,0,0,0,0,0,51303,0,1.06,87,13.7,11.15,0,4.066,east_north_central_naturalgas,0,0.63,1.26,0,0,0,0,0,0,0,0,0,1,1,6,6,0,0,0,0,0,0,0,0,0,0,0,0,0,0,0,0,0,0,0,0,0,0,0,0
MISC,MISC_nuclear_1,Nuclear,1,6,1,0,0,0,2373,2,2373,0,1186.5,0,0,0,0,0,0,275171,0,2.47,248,0,10.45,0,0,east_north_central_uranium,0,0.041666667,0.083333333,0,0,0,0,0,0,0,0,0,1,1,24,24,0,0,0,0,0,0,0,0,0,0,0,0,0,0,0,0,0,0,0,0,0,0,0,0
MISC,MISC_petroleum_liquids_1,Petroleum Liquids,1,6,1,0,0,0,439.4,188,439.356,0,2.34,0,0,0,0,0,0,24000,0,7.26,38,0,10.95,1.5,3.706,east_north_central_distillate,0,0,0,0,0,0,0,0,0,0,0,0,1,1,1,1,0,0,0,0,0,0,0,0,0,0,0,0,0,0,0,0,0,0,0,0,0,0,0,0
MISE,MISE_conventional_steam_coal_1,Conventional Steam Coal,1,7,1,0,0,0,4358.3,8,4358.304,0,544.79,0,0,0,0,0,0,63004,0,1.88,124,16.5,10.64,0.71,0.623,east_north_central_coal,0,0.095,0.19,0,0,0,0,0,0,0,0,0,1,1,24,24,0,0,0,0,0,0,0,0,0,0,0,0,0,0,0,0,0,0,0,0,0,0,0,0
MISE,MISE_conventional_steam_coal_2,Conventional Steam Coal,2,7,1,0,0,0,0,0,0,0,1,0,0,0,0,0,0,75052,0,1.88,124,16.5,13.48,0,0,east_north_central_coal,0,0.095,0.19,0,0,0,0,0,0,0,0,0,1,1,24,24,0,0,0,0,0,0,0,0,0,0,0,0,0,0,0,0,0,0,0,0,0,0,0,0
MISE,MISE_natural_gas_fired_combined_cycle_1,Natural Gas Fired Combined Cycle,1,7,1,0,0,0,6017.4,10,6017.4,0,601.74,0,0,0,0,0,0,11640,0,3.57,92,2,7.93,0.827,1.072,east_north_central_naturalgas,0,0.106666667,0.213333333,0,0,0,0,0,0,0,0,0,1,1,6,6,0,0,0,0,0,0,0,0,0,0,0,0,0,0,0,0,0,0,0,0,0,0,0,0
MISE,MISE_natural_gas_fired_combined_cycle_2,Natural Gas Fired Combined Cycle,2,7,1,0,0,0,743.7,14,743.694,0,53.12,0,0,0,0,0,0,16492,0,4.55,92,2,8.78,2.471,5.309,east_north_central_naturalgas,0,0.106666667,0.213333333,0,0,0,0,0,0,0,0,0,1,1,6,6,0,0,0,0,0,0,0,0,0,0,0,0,0,0,0,0,0,0,0,0,0,0,0,0
MISE,MISE_natural_gas_fired_combustion_turbine_1,Natural Gas Fired Combustion Turbine,1,7,1,0,0,0,427.7,18,427.698,0,23.76,0,0,0,0,0,0,13412,0,6.8,119,3.5,11.73,4.162,2.252,east_north_central_naturalgas,0,0.106666667,0.213333333,0,0,0,0,0,0,0,0,0,1,1,1,1,0,0,0,0,0,0,0,0,0,0,0,0,0,0,0,0,0,0,0,0,0,0,0,0
MISE,MISE_natural_gas_fired_combustion_turbine_2,Natural Gas Fired Combustion Turbine,2,7,1,0,0,0,3971.5,34,3971.506,0,116.81,0,0,0,0,0,0,9628,0,6.8,119,3.5,11.35,3.048,2.221,east_north_central_naturalgas,0,0.106666667,0.213333333,0,0,0,0,0,0,0,0,0,1,1,1,1,0,0,0,0,0,0,0,0,0,0,0,0,0,0,0,0,0,0,0,0,0,0,0,0
MISE,MISE_natural_gas_internal_combustion_engine_1,Natural Gas Internal Combustion Engine,1,7,1,0,0,0,133,33,132.99,0,4.03,0,0,0,0,0,0,24000,0,6.58,38,0,9.94,0.298,2.121,east_north_central_naturalgas,0,0.106666667,0.213333333,0,0,0,0,0,0,0,0,0,1,1,1,1,0,0,0,0,0,0,0,0,0,0,0,0,0,0,0,0,0,0,0,0,0,0,0,0
MISE,MISE_natural_gas_steam_turbine_1,Natural Gas Steam Turbine,1,7,1,0,0,0,794.2,7,794.199,0,113.46,0,0,0,0,0,0,31432,0,1.06,87,13.7,17.82,1.758,8.252,east_north_central_naturalgas,0,0.63,1.26,0,0,0,0,0,0,0,0,0,1,1,6,6,0,0,0,0,0,0,0,0,0,0,0,0,0,0,0,0,0,0,0,0,0,0,0,0
MISE,MISE_nuclear_1,Nuclear,1,7,1,0,0,0,1161,1,1161,0,1161,0,0,0,0,0,0,275171,0,2.47,248,0,10.45,0,0,east_north_central_uranium,0,0.041666667,0.083333333,0,0,0,0,0,0,0,0,0,1,1,24,24,0,0,0,0,0,0,0,0,0,0,0,0,0,0,0,0,0,0,0,0,0,0,0,0
MISE,MISE_petroleum_liquids_1,Petroleum Liquids,1,7,1,0,0,0,52.5,31,52.514,0,1.69,0,0,0,0,0,0,24000,0,7.65,38,0,11.55,3.773,3.694,east_north_central_distillate,0,0,0,0,0,0,0,0,0,0,0,0,1,1,1,1,0,0,0,0,0,0,0,0,0,0,0,0,0,0,0,0,0,0,0,0,0,0,0,0
MISS,MISS_conventional_steam_coal_1,Conventional Steam Coal,1,8,1,0,0,0,1574.4,3,1574.4,0,524.8,0,0,0,0,0,0,66623,0,1.88,124,16.5,11.87,0.172,0.182,west_south_central_coal,0,0.095,0.19,0,0,0,0,0,0,0,0,0,1,1,24,24,0,0,0,0,0,0,0,0,0,0,0,0,0,0,0,0,0,0,0,0,0,0,0,0
MISS,MISS_conventional_steam_coal_2,Conventional Steam Coal,2,8,1,0,0,0,4521.1,6,4521.102,0,753.52,0,0,0,0,0,0,57685,0,1.88,124,16.5,10.49,0.364,0.399,west_south_central_coal,0,0.095,0.19,0,0,0,0,0,0,0,0,0,1,1,24,24,0,0,0,0,0,0,0,0,0,0,0,0,0,0,0,0,0,0,0,0,0,0,0,0
MISS,MISS_natural_gas_fired_combined_cycle_1,Natural Gas Fired Combined Cycle,1,8,1,0,0,0,17522.5,40,17522.48,0,438.06,0,0,0,0,0,0,11105,0,3.58,92,2,7.21,1.009,0.656,west_south_central_naturalgas,0,0.106666667,0.213333333,0,0,0,0,0,0,0,0,0,1,1,6,6,0,0,0,0,0,0,0,0,0,0,0,0,0,0,0,0,0,0,0,0,0,0,0,0
MISS,MISS_natural_gas_fired_combined_cycle_2,Natural Gas Fired Combined Cycle,2,8,1,0,0,0,2510.2,14,2510.2,0,179.3,0,0,0,0,0,0,14945,0,4.18,92,2,10.48,2.454,2.093,west_south_central_naturalgas,0,0.106666667,0.213333333,0,0,0,0,0,0,0,0,0,1,1,6,6,0,0,0,0,0,0,0,0,0,0,0,0,0,0,0,0,0,0,0,0,0,0,0,0
MISS,MISS_natural_gas_fired_combustion_turbine_1,Natural Gas Fired Combustion Turbine,1,8,1,0,0,0,4408.8,48,4408.8,0,91.85,0,0,0,0,0,0,10180,0,6.8,119,3.5,11.16,2.562,1.878,west_south_central_naturalgas,0,0.106666667,0.213333333,0,0,0,0,0,0,0,0,0,1,1,1,1,0,0,0,0,0,0,0,0,0,0,0,0,0,0,0,0,0,0,0,0,0,0,0,0
MISS,MISS_natural_gas_fired_combustion_turbine_2,Natural Gas Fired Combustion Turbine,2,8,1,0,0,0,1043.5,39,1043.484,0,26.76,0,0,0,0,0,0,13412,0,6.8,119,3.5,10.86,2.347,1.672,west_south_central_naturalgas,0,0.106666667,0.213333333,0,0,0,0,0,0,0,0,0,1,1,1,1,0,0,0,0,0,0,0,0,0,0,0,0,0,0,0,0,0,0,0,0,0,0,0,0
MISS,MISS_natural_gas_internal_combustion_engine_1,Natural Gas Internal Combustion Engine,1,8,1,0,0,0,107.8,31,107.787,0,3.48,0,0,0,0,0,0,24000,0,5.79,38,0,8.74,0.912,0.477,west_south_central_naturalgas,0,0.106666667,0.213333333,0,0,0,0,0,0,0,0,0,1,1,1,1,0,0,0,0,0,0,0,0,0,0,0,0,0,0,0,0,0,0,0,0,0,0,0,0
MISS,MISS_natural_gas_steam_turbine_1,Natural Gas Steam Turbine,1,8,1,0,0,0,62.2,6,62.202,0,10.37,0,0,0,0,0,0,51303,0,1.06,87,13.7,12.52,3.449,1.991,west_south_central_naturalgas,0,0.63,1.26,0,0,0,0,0,0,0,0,0,1,1,6,6,0,0,0,0,0,0,0,0,0,0,0,0,0,0,0,0,0,0,0,0,0,0,0,0
MISS,MISS_natural_gas_steam_turbine_2,Natural Gas Steam Turbine,2,8,1,0,0,0,4277.5,7,4277.497,0,611.07,0,0,0,0,0,0,29170,0,1.06,87,13.7,11.66,1.046,4.936,west_south_central_naturalgas,0,0.63,1.26,0,0,0,0,0,0,0,0,0,1,1,6,6,0,0,0,0,0,0,0,0,0,0,0,0,0,0,0,0,0,0,0,0,0,0,0,0
MISS,MISS_nuclear_1,Nuclear,1,8,1,0,0,0,5426,5,5426,0,1085.2,0,0,0,0,0,0,247188,0,2.47,248,0,10.45,0,0,west_south_central_uranium,0,0.041666667,0.083333333,0,0,0,0,0,0,0,0,0,1,1,24,24,0,0,0,0,0,0,0,0,0,0,0,0,0,0,0,0,0,0,0,0,0,0,0,0
MISS,MISS_petroleum_liquids_1,Petroleum Liquids,1,8,1,0,0,0,40.9,4,40.9,0,10.22,0,0,0,0,0,0,24000,0,8.98,38,0,13.55,6.99,3.208,west_south_central_distillate,0,0,0,0,0,0,0,0,0,0,0,0,1,1,1,1,0,0,0,0,0,0,0,0,0,0,0,0,0,0,0,0,0,0,0,0,0,0,0,0
MISW,MISW_conventional_steam_coal_1,Conventional Steam Coal,1,9,1,0,0,0,11943.7,37,11943.711,0,322.8,0,0,0,0,0,0,64342,0,1.88,124,16.5,10.6,1.611,1.22,east_north_central_coal,0,0.095,0.19,0,0,0,0,0,0,0,0,0,1,1,24,24,0,0,0,0,0,0,0,0,0,0,0,0,0,0,0,0,0,0,0,0,0,0,0,0
MISW,MISW_conventional_steam_coal_2,Conventional Steam Coal,2,9,1,0,0,0,330.9,2,330.9,0,165.45,0,0,0,0,0,0,74245,0,1.88,124,16.5,30.57,4.275,6.046,east_north_central_coal,0,0.095,0.19,0,0,0,0,0,0,0,0,0,1,1,24,24,0,0,0,0,0,0,0,0,0,0,0,0,0,0,0,0,0,0,0,0,0,0,0,0
MISW,MISW_natural_gas_fired_combined_cycle_1,Natural Gas Fired Combined Cycle,1,9,1,0,0,0,1408.1,9,1408.104,0,156.46,0,0,0,0,0,0,16492,0,4.55,92,2,8.44,0.923,2.224,east_north_central_naturalgas,0,0.106666667,0.213333333,0,0,0,0,0,0,0,0,0,1,1,6,6,0,0,0,0,0,0,0,0,0,0,0,0,0,0,0,0,0,0,0,0,0,0,0,0
MISW,MISW_natural_gas_fired_combined_cycle_2,Natural Gas Fired Combined Cycle,2,9,1,0,0,0,7024.6,12,7024.596,0,585.38,0,0,0,0,0,0,10279,0,3.6,92,2,7.33,0.763,0.887,east_north_central_naturalgas,0,0.106666667,0.213333333,0,0,0,0,0,0,0,0,0,1,1,6,6,0,0,0,0,0,0,0,0,0,0,0,0,0,0,0,0,0,0,0,0,0,0,0,0
MISW,MISW_natural_gas_fired_combustion_turbine_1,Natural Gas Fired Combustion Turbine,1,9,1,0,0,0,479.1,5,479.1,0,95.82,0,0,0,0,0,0,11055,0,6.8,119,3.5,19.98,2.196,2.572,east_north_central_naturalgas,0,0.106666667,0.213333333,0,0,0,0,0,0,0,0,0,1,1,1,1,0,0,0,0,0,0,0,0,0,0,0,0,0,0,0,0,0,0,0,0,0,0,0,0
MISW,MISW_natural_gas_fired_combustion_turbine_2,Natural Gas Fired Combustion Turbine,2,9,1,0,0,0,5688.6,46,5688.59,0,123.66,0,0,0,0,0,0,9611,0,6.8,119,3.5,12.02,2.133,2.002,east_north_central_naturalgas,0,0.106666667,0.213333333,0,0,0,0,0,0,0,0,0,1,1,1,1,0,0,0,0,0,0,0,0,0,0,0,0,0,0,0,0,0,0,0,0,0,0,0,0
MISW,MISW_natural_gas_fired_combustion_turbine_3,Natural Gas Fired Combustion Turbine,3,9,1,0,0,0,655.8,21,655.809,0,31.23,0,0,0,0,0,0,13412,0,6.8,119,3.5,12.04,2.366,1.645,east_north_central_naturalgas,0,0.106666667,0.213333333,0,0,0,0,0,0,0,0,0,1,1,1,1,0,0,0,0,0,0,0,0,0,0,0,0,0,0,0,0,0,0,0,0,0,0,0,0
MISW,MISW_natural_gas_internal_combustion_engine_1,Natural Gas Internal Combustion Engine,1,9,1,0,0,0,749.9,85,749.87,0,8.82,0,0,0,0,0,0,24000,0,6.06,38,0,9.14,1.53,3.446,east_north_central_naturalgas,0,0.106666667,0.213333333,0,0,0,0,0,0,0,0,0,1,1,1,1,0,0,0,0,0,0,0,0,0,0,0,0,0,0,0,0,0,0,0,0,0,0,0,0
MISW,MISW_natural_gas_steam_turbine_1,Natural Gas Steam Turbine,1,9,1,0,0,0,124.7,10,124.7,0,12.47,0,0,0,0,0,0,51303,0,1.06,87,13.7,11.04,4.154,5.355,east_north_central_naturalgas,0,0.63,1.26,0,0,0,0,0,0,0,0,0,1,1,6,6,0,0,0,0,0,0,0,0,0,0,0,0,0,0,0,0,0,0,0,0,0,0,0,0
MISW,MISW_nuclear_1,Nuclear,1,9,1,0,0,0,2928.1,5,2928.1,0,585.62,0,0,0,0,0,0,226520,0,2.47,248,0,10.45,0,0,east_north_central_uranium,0,0.041666667,0.083333333,0,0,0,0,0,0,0,0,0,1,1,24,24,0,0,0,0,0,0,0,0,0,0,0,0,0,0,0,0,0,0,0,0,0,0,0,0
MISW,MISW_petroleum_liquids_1,Petroleum Liquids,1,9,1,0,0,0,1385.7,477,1385.685,0,2.9,0,0,0,0,0,0,24000,0,8.25,38,0,12.45,2.232,4.178,east_north_central_distillate,0,0,0,0,0,0,0,0,0,0,0,0,1,1,1,1,0,0,0,0,0,0,0,0,0,0,0,0,0,0,0,0,0,0,0,0,0,0,0,0
NWPP,NWPP_conventional_steam_coal_1,Conventional Steam Coal,1,10,1,0,0,0,1481.5,3,1481.499,0,493.83,0,0,0,0,0,0,59158,0,1.88,124,16.5,10.33,0.398,0.651,pacific_coal,0,0.095,0.19,0,0,0,0,0,0,0,0,0,1,1,24,24,0,0,0,0,0,0,0,0,0,0,0,0,0,0,0,0,0,0,0,0,0,0,0,0
NWPP,NWPP_conventional_steam_coal_2,Conventional Steam Coal,2,10,1,0,0,0,147.5,2,147.5,0,73.75,0,0,0,0,0,0,73507,0,1.88,124,16.5,13.01,0.14,0.199,pacific_coal,0,0.095,0.19,0,0,0,0,0,0,0,0,0,1,1,24,24,0,0,0,0,0,0,0,0,0,0,0,0,0,0,0,0,0,0,0,0,0,0,0,0
NWPP,NWPP_geothermal_1,Geothermal,1,10,1,0,0,0,21.6,4,30.8,0,5.41,0,0,0,0,0,0,209101,0,0,0,0,8.87,0.092,0.183,None,0,0,0,0,0,0,0,0,0,0,0,0,1,1,0,0,0,0,0,0,0,0,0,0,0,0,0,0,0,0,0,0,0,0,0,0,0,0,0,0
NWPP,NWPP_natural_gas_fired_combined_cycle_1,Natural Gas Fired Combined Cycle,1,10,1,0,0,0,2899,5,2899,0,579.8,0,0,0,0,0,0,9787,0,3.61,92,2,7.98,0.39,1.396,pacific_naturalgas,0,0.106666667,0.213333333,0,0,0,0,0,0,0,0,0,1,1,6,6,0,0,0,0,0,0,0,0,0,0,0,0,0,0,0,0,0,0,0,0,0,0,0,0
NWPP,NWPP_natural_gas_fired_combined_cycle_2,Natural Gas Fired Combined Cycle,2,10,1,0,0,0,4016.2,17,4016.199,0,236.25,0,0,0,0,0,0,16492,0,4.55,92,2,7.44,1.447,1.434,pacific_naturalgas,0,0.106666667,0.213333333,0,0,0,0,0,0,0,0,0,1,1,6,6,0,0,0,0,0,0,0,0,0,0,0,0,0,0,0,0,0,0,0,0,0,0,0,0
NWPP,NWPP_natural_gas_fired_combustion_turbine_1,Natural Gas Fired Combustion Turbine,1,10,1,0,0,0,1018.5,19,1018.495,0,53.6,0,0,0,0,0,0,10567,0,6.8,119,3.5,11.98,0.508,0.329,pacific_naturalgas,0,0.106666667,0.213333333,0,0,0,0,0,0,0,0,0,1,1,1,1,0,0,0,0,0,0,0,0,0,0,0,0,0,0,0,0,0,0,0,0,0,0,0,0
NWPP,NWPP_natural_gas_fired_combustion_turbine_2,Natural Gas Fired Combustion Turbine,2,10,1,0,0,0,324.4,4,324.4,0,81.1,0,0,0,0,0,0,10931,0,6.8,119,3.5,14.69,0.482,0.278,pacific_naturalgas,0,0.106666667,0.213333333,0,0,0,0,0,0,0,0,0,1,1,1,1,0,0,0,0,0,0,0,0,0,0,0,0,0,0,0,0,0,0,0,0,0,0,0,0
NWPP,NWPP_natural_gas_internal_combustion_engine_1,Natural Gas Internal Combustion Engine,1,10,1,0,0,0,309.8,32,309.792,0,9.68,0,0,0,0,0,0,24000,0,5.86,38,0,8.84,0.635,0.406,pacific_naturalgas,0,0.106666667,0.213333333,0,0,0,0,0,0,0,0,0,1,1,1,1,0,0,0,0,0,0,0,0,0,0,0,0,0,0,0,0,0,0,0,0,0,0,0,0
NWPP,NWPP_natural_gas_steam_turbine_1,Natural Gas Steam Turbine,1,10,1,0,0,0,3,1,3,0,3,0,0,0,0,0,0,51303,0,1.06,87,13.7,9.21,0,0,pacific_naturalgas,0,0.63,1.26,0,0,0,0,0,0,0,0,0,1,1,6,6,0,0,0,0,0,0,0,0,0,0,0,0,0,0,0,0,0,0,0,0,0,0,0,0
NWPP,NWPP_nuclear_1,Nuclear,1,10,1,0,0,0,1172,1,1172,0,1172,0,0,0,0,0,0,275171,0,2.47,248,0,10.45,0,0,pacific_uranium,0,0.041666667,0.083333333,0,0,0,0,0,0,0,0,0,1,1,24,24,0,0,0,0,0,0,0,0,0,0,0,0,0,0,0,0,0,0,0,0,0,0,0,0
NWPP,NWPP_petroleum_liquids_1,Petroleum Liquids,1,10,1,0,0,0,21.3,11,21.296,0,1.94,0,0,0,0,0,0,24000,0,6.26,38,0,9.45,0.479,0.76,pacific_distillate,0,0,0,0,0,0,0,0,0,0,0,0,1,1,1,1,0,0,0,0,0,0,0,0,0,0,0,0,0,0,0,0,0,0,0,0,0,0,0,0
NYCW,NYCW_natural_gas_fired_combined_cycle_1,Natural Gas Fired Combined Cycle,1,11,1,0,0,0,1504.6,15,1504.605,0,100.31,0,0,0,0,0,0,16492,0,4.55,92,2,7.86,1.527,1.317,middle_atlantic_naturalgas,0,0.106666667,0.213333333,0,0,0,0,0,0,0,0,0,1,1,6,6,0,0,0,0,0,0,0,0,0,0,0,0,0,0,0,0,0,0,0,0,0,0,0,0
NYCW,NYCW_natural_gas_fired_combined_cycle_2,Natural Gas Fired Combined Cycle,2,11,1,0,0,0,2828.4,4,2828.4,0,707.1,0,0,0,0,0,0,9787,0,3.61,92,2,8.18,0.645,0.95,middle_atlantic_naturalgas,0,0.106666667,0.213333333,0,0,0,0,0,0,0,0,0,1,1,6,6,0,0,0,0,0,0,0,0,0,0,0,0,0,0,0,0,0,0,0,0,0,0,0,0
NYCW,NYCW_natural_gas_fired_combustion_turbine_1,Natural Gas Fired Combustion Turbine,1,11,1,0,0,0,0,0,0,0,1,0,0,0,0,0,0,9264,0,6.8,119,3.5,17.04,0.381,0.715,middle_atlantic_naturalgas,0,0.106666667,0.213333333,0,0,0,0,0,0,0,0,0,1,1,1,1,0,0,0,0,0,0,0,0,0,0,0,0,0,0,0,0,0,0,0,0,0,0,0,0
NYCW,NYCW_natural_gas_fired_combustion_turbine_2,Natural Gas Fired Combustion Turbine,2,11,1,0,0,0,1084.3,28,1084.3,0,38.72,0,0,0,0,0,0,13412,0,6.8,119,3.5,10.87,0.734,1.77,middle_atlantic_naturalgas,0,0.106666667,0.213333333,0,0,0,0,0,0,0,0,0,1,1,1,1,0,0,0,0,0,0,0,0,0,0,0,0,0,0,0,0,0,0,0,0,0,0,0,0
NYCW,NYCW_natural_gas_fired_combustion_turbine_3,Natural Gas Fired Combustion Turbine,3,11,1,0,0,0,1010.9,12,1010.904,0,84.24,0,0,0,0,0,0,9168,0,6.8,119,3.5,9.38,0,0.866,middle_atlantic_naturalgas,0,0.106666667,0.213333333,0,0,0,0,0,0,0,0,0,1,1,1,1,0,0,0,0,0,0,0,0,0,0,0,0,0,0,0,0,0,0,0,0,0,0,0,0
NYCW,NYCW_natural_gas_internal_combustion_engine_1,Natural Gas Internal Combustion Engine,1,11,1,0,0,0,37.4,28,37.408,0,1.34,0,0,0,0,0,0,24000,0,5.72,38,0,8.63,1.482,0.753,middle_atlantic_naturalgas,0,0.106666667,0.213333333,0,0,0,0,0,0,0,0,0,1,1,1,1,0,0,0,0,0,0,0,0,0,0,0,0,0,0,0,0,0,0,0,0,0,0,0,0
NYCW,NYCW_natural_gas_steam_turbine_1,Natural Gas Steam Turbine,1,11,1,0,0,0,0,0,0,0,1,0,0,0,0,0,0,34968,0,1.06,87,13.7,11.3,2.088,1.326,middle_atlantic_naturalgas,0,0.63,1.26,0,0,0,0,0,0,0,0,0,1,1,6,6,0,0,0,0,0,0,0,0,0,0,0,0,0,0,0,0,0,0,0,0,0,0,0,0
NYCW,NYCW_petroleum_liquids_1,Petroleum Liquids,1,11,1,0,0,0,632.4,179,632.407,0,3.53,0,0,0,0,0,0,24000,0,7.6,38,0,11.47,1.933,3.087,middle_atlantic_distillate,0,0,0,0,0,0,0,0,0,0,0,0,1,1,1,1,0,0,0,0,0,0,0,0,0,0,0,0,0,0,0,0,0,0,0,0,0,0,0,0
NYUP,NYUP_natural_gas_fired_combined_cycle_1,Natural Gas Fired Combined Cycle,1,12,1,0,0,0,6565.9,19,6565.906,0,345.57,0,0,0,0,0,0,11153,0,3.58,92,2,7.17,1.133,0.518,middle_atlantic_naturalgas,0,0.106666667,0.213333333,0,0,0,0,0,0,0,0,0,1,1,6,6,0,0,0,0,0,0,0,0,0,0,0,0,0,0,0,0,0,0,0,0,0,0,0,0
NYUP,NYUP_natural_gas_fired_combined_cycle_2,Natural Gas Fired Combined Cycle,2,12,1,0,0,0,1836.7,23,1836.711,0,79.86,0,0,0,0,0,0,16492,0,4.55,92,2,9.2,1.735,1.859,middle_atlantic_naturalgas,0,0.106666667,0.213333333,0,0,0,0,0,0,0,0,0,1,1,6,6,0,0,0,0,0,0,0,0,0,0,0,0,0,0,0,0,0,0,0,0,0,0,0,0
NYUP,NYUP_natural_gas_fired_combustion_turbine_1,Natural Gas Fired Combustion Turbine,1,12,1,0,0,0,0,0,0,0,1,0,0,0,0,0,0,13412,0,6.8,119,3.5,23.47,0.142,0.201,middle_atlantic_naturalgas,0,0.106666667,0.213333333,0,0,0,0,0,0,0,0,0,1,1,1,1,0,0,0,0,0,0,0,0,0,0,0,0,0,0,0,0,0,0,0,0,0,0,0,0
NYUP,NYUP_natural_gas_fired_combustion_turbine_2,Natural Gas Fired Combustion Turbine,2,12,1,0,0,0,57.6,4,57.6,0,14.4,0,0,0,0,0,0,13412,0,6.8,119,3.5,10.02,0.443,1.236,middle_atlantic_naturalgas,0,0.106666667,0.213333333,0,0,0,0,0,0,0,0,0,1,1,1,1,0,0,0,0,0,0,0,0,0,0,0,0,0,0,0,0,0,0,0,0,0,0,0,0
NYUP,NYUP_natural_gas_internal_combustion_engine_1,Natural Gas Internal Combustion Engine,1,12,1,0,0,0,19.5,21,19.509,0,0.93,0,0,0,0,0,0,24000,0,5.38,38,0,8.12,0,0.147,middle_atlantic_naturalgas,0,0.106666667,0.213333333,0,0,0,0,0,0,0,0,0,1,1,1,1,0,0,0,0,0,0,0,0,0,0,0,0,0,0,0,0,0,0,0,0,0,0,0,0
NYUP,NYUP_natural_gas_steam_turbine_1,Natural Gas Steam Turbine,1,12,1,0,0,0,49.2,3,49.2,0,16.4,0,0,0,0,0,0,51303,0,1.06,87,13.7,9.21,2.701,4.097,middle_atlantic_naturalgas,0,0.63,1.26,0,0,0,0,0,0,0,0,0,1,1,6,6,0,0,0,0,0,0,0,0,0,0,0,0,0,0,0,0,0,0,0,0,0,0,0,0
NYUP,NYUP_nuclear_1,Nuclear,1,12,1,0,0,0,3358.3,4,3358.3,0,839.58,0,0,0,0,0,0,257745,0,2.47,248,0,10.45,0,0,middle_atlantic_uranium,0,0.041666667,0.083333333,0,0,0,0,0,0,0,0,0,1,1,24,24,0,0,0,0,0,0,0,0,0,0,0,0,0,0,0,0,0,0,0,0,0,0,0,0
NYUP,NYUP_petroleum_liquids_1,Petroleum Liquids,1,12,1,0,0,0,75.5,77,75.537,0,0.98,0,0,0,0,0,0,24000,0,6.25,38,0,9.42,0,2.658,middle_atlantic_distillate,0,0,0,0,0,0,0,0,0,0,0,0,1,1,1,1,0,0,0,0,0,0,0,0,0,0,0,0,0,0,0,0,0,0,0,0,0,0,0,0
PJMC,PJMC_conventional_steam_coal_1,Conventional Steam Coal,1,13,1,0,0,0,1538,2,1538,0,769,0,0,0,0,0,0,57681,0,1.88,124,16.5,12.23,0.073,0.103,east_north_central_coal,0,0.095,0.19,0,0,0,0,0,0,0,0,0,1,1,24,24,0,0,0,0,0,0,0,0,0,0,0,0,0,0,0,0,0,0,0,0,0,0,0,0
PJMC,PJMC_conventional_steam_coal_2,Conventional Steam Coal,2,13,1,0,0,0,0,0,0,0,1,0,0,0,0,0,0,61478,0,1.88,124,16.5,11.31,0.147,0.208,east_north_central_coal,0,0.095,0.19,0,0,0,0,0,0,0,0,0,1,1,24,24,0,0,0,0,0,0,0,0,0,0,0,0,0,0,0,0,0,0,0,0,0,0,0,0
PJMC,PJMC_natural_gas_fired_combined_cycle_1,Natural Gas Fired Combined Cycle,1,13,1,0,0,0,4843.4,13,4843.397,0,372.57,0,0,0,0,0,0,11698,0,3.57,92,2,6.82,0.995,0.497,east_north_central_naturalgas,0,0.106666667,0.213333333,0,0,0,0,0,0,0,0,0,1,1,6,6,0,0,0,0,0,0,0,0,0,0,0,0,0,0,0,0,0,0,0,0,0,0,0,0
PJMC,PJMC_natural_gas_fired_combined_cycle_2,Natural Gas Fired Combined Cycle,2,13,1,0,0,0,195,1,195,0,195,0,0,0,0,0,0,16492,0,4.55,92,2,13.02,0,0,east_north_central_naturalgas,0,0.106666667,0.213333333,0,0,0,0,0,0,0,0,0,1,1,6,6,0,0,0,0,0,0,0,0,0,0,0,0,0,0,0,0,0,0,0,0,0,0,0,0
PJMC,PJMC_natural_gas_fired_combustion_turbine_1,Natural Gas Fired Combustion Turbine,1,13,1,0,0,0,101.8,18,101.808,0,5.66,0,0,0,0,0,0,13412,0,6.8,119,3.5,10.61,2.347,1.149,east_north_central_naturalgas,0,0.106666667,0.213333333,0,0,0,0,0,0,0,0,0,1,1,1,1,0,0,0,0,0,0,0,0,0,0,0,0,0,0,0,0,0,0,0,0,0,0,0,0
PJMC,PJMC_natural_gas_fired_combustion_turbine_2,Natural Gas Fired Combustion Turbine,2,13,1,0,0,0,8523.9,83,8523.934,0,102.7,0,0,0,0,0,0,9206,0,6.8,119,3.5,12.28,2.753,4.479,east_north_central_naturalgas,0,0.106666667,0.213333333,0,0,0,0,0,0,0,0,0,1,1,1,1,0,0,0,0,0,0,0,0,0,0,0,0,0,0,0,0,0,0,0,0,0,0,0,0
PJMC,PJMC_natural_gas_internal_combustion_engine_1,Natural Gas Internal Combustion Engine,1,13,1,0,0,0,111.4,66,111.408,0,1.69,0,0,0,0,0,0,24000,0,5.81,38,0,8.76,0.446,1.68,east_north_central_naturalgas,0,0.106666667,0.213333333,0,0,0,0,0,0,0,0,0,1,1,1,1,0,0,0,0,0,0,0,0,0,0,0,0,0,0,0,0,0,0,0,0,0,0,0,0
PJMC,PJMC_natural_gas_steam_turbine_1,Natural Gas Steam Turbine,1,13,1,0,0,0,44.2,2,44.2,0,22.1,0,0,0,0,0,0,51303,0,1.06,87,13.7,33.93,7.482,10.723,east_north_central_naturalgas,0,0.63,1.26,0,0,0,0,0,0,0,0,0,1,1,6,6,0,0,0,0,0,0,0,0,0,0,0,0,0,0,0,0,0,0,0,0,0,0,0,0
PJMC,PJMC_nuclear_1,Nuclear,1,13,1,0,0,0,10898.1,10,10898.1,0,1089.81,0,0,0,0,0,0,193275,0,2.47,248,0,10.45,0,0,east_north_central_uranium,0,0.041666667,0.083333333,0,0,0,0,0,0,0,0,0,1,1,24,24,0,0,0,0,0,0,0,0,0,0,0,0,0,0,0,0,0,0,0,0,0,0,0,0
PJMC,PJMC_petroleum_liquids_1,Petroleum Liquids,1,13,1,0,0,0,55.3,28,55.3,0,1.98,0,0,0,0,0,0,24000,0,6.74,38,0,10.17,1.204,2.506,east_north_central_distillate,0,0,0,0,0,0,0,0,0,0,0,0,1,1,1,1,0,0,0,0,0,0,0,0,0,0,0,0,0,0,0,0,0,0,0,0,0,0,0,0
PJMD,PJMD_conventional_steam_coal_1,Conventional Steam Coal,1,14,1,0,0,0,0,0,0,0,1,0,0,0,0,0,0,77712,0,1.88,124,16.5,12.82,0,0,south_atlantic_coal,0,0.095,0.19,0,0,0,0,0,0,0,0,0,1,1,24,24,0,0,0,0,0,0,0,0,0,0,0,0,0,0,0,0,0,0,0,0,0,0,0,0
PJMD,PJMD_conventional_steam_coal_2,Conventional Steam Coal,2,14,1,0,0,0,881,2,881,0,440.5,0,0,0,0,0,0,63560,0,1.88,124,16.5,11.99,0.644,0.91,south_atlantic_coal,0,0.095,0.19,0,0,0,0,0,0,0,0,0,1,1,24,24,0,0,0,0,0,0,0,0,0,0,0,0,0,0,0,0,0,0,0,0,0,0,0,0
PJMD,PJMD_natural_gas_fired_combined_cycle_1,Natural Gas Fired Combined Cycle,1,14,1,0,0,0,6969.3,8,6969.296,0,871.16,0,0,0,0,0,0,11312,0,3.58,92,2,7.06,0.5,0.74,south_atlantic_naturalgas,0,0.106666667,0.213333333,0,0,0,0,0,0,0,0,0,1,1,6,6,0,0,0,0,0,0,0,0,0,0,0,0,0,0,0,0,0,0,0,0,0,0,0,0
PJMD,PJMD_natural_gas_fired_combined_cycle_2,Natural Gas Fired Combined Cycle,2,14,1,0,0,0,730,4,730,0,182.5,0,0,0,0,0,0,16492,0,4.55,92,2,7.82,0.743,0.583,south_atlantic_naturalgas,0,0.106666667,0.213333333,0,0,0,0,0,0,0,0,0,1,1,6,6,0,0,0,0,0,0,0,0,0,0,0,0,0,0,0,0,0,0,0,0,0,0,0,0
PJMD,PJMD_natural_gas_fired_combustion_turbine_1,Natural Gas Fired Combustion Turbine,1,14,1,0,0,0,1874,15,1873.995,0,124.93,0,0,0,0,0,0,9168,0,6.8,119,3.5,11.97,0.808,0.742,south_atlantic_naturalgas,0,0.106666667,0.213333333,0,0,0,0,0,0,0,0,0,1,1,1,1,0,0,0,0,0,0,0,0,0,0,0,0,0,0,0,0,0,0,0,0,0,0,0,0
PJMD,PJMD_natural_gas_fired_combustion_turbine_2,Natural Gas Fired Combustion Turbine,2,14,1,0,0,0,59.5,1,59.5,0,59.5,0,0,0,0,0,0,13412,0,6.8,119,3.5,9.66,0,0,south_atlantic_naturalgas,0,0.106666667,0.213333333,0,0,0,0,0,0,0,0,0,1,1,1,1,0,0,0,0,0,0,0,0,0,0,0,0,0,0,0,0,0,0,0,0,0,0,0,0
PJMD,PJMD_natural_gas_fired_combustion_turbine_3,Natural Gas Fired Combustion Turbine,3,14,1,0,0,0,2627,16,2627.008,0,164.19,0,0,0,0,0,0,9168,0,6.8,119,3.5,10.45,0.197,0.181,south_atlantic_naturalgas,0,0.106666667,0.213333333,0,0,0,0,0,0,0,0,0,1,1,1,1,0,0,0,0,0,0,0,0,0,0,0,0,0,0,0,0,0,0,0,0,0,0,0,0
PJMD,PJMD_natural_gas_internal_combustion_engine_1,Natural Gas Internal Combustion Engine,1,14,1,0,0,0,2.3,2,2.3,0,1.15,0,0,0,0,0,0,24000,0,5.41,38,0,8.16,0,0,south_atlantic_naturalgas,0,0.106666667,0.213333333,0,0,0,0,0,0,0,0,0,1,1,1,1,0,0,0,0,0,0,0,0,0,0,0,0,0,0,0,0,0,0,0,0,0,0,0,0
PJMD,PJMD_natural_gas_steam_turbine_1,Natural Gas Steam Turbine,1,14,1,0,0,0,20.3,5,20.3,0,4.06,0,0,0,0,0,0,51303,0,1.06,87,13.7,9.21,1.227,1.197,south_atlantic_naturalgas,0,0.63,1.26,0,0,0,0,0,0,0,0,0,1,1,6,6,0,0,0,0,0,0,0,0,0,0,0,0,0,0,0,0,0,0,0,0,0,0,0,0
PJMD,PJMD_nuclear_1,Nuclear,1,14,1,0,0,0,3708,4,3708,0,927,0,0,0,0,0,0,193275,0,2.47,248,0,10.45,0,0,south_atlantic_uranium,0,0.041666667,0.083333333,0,0,0,0,0,0,0,0,0,1,1,24,24,0,0,0,0,0,0,0,0,0,0,0,0,0,0,0,0,0,0,0,0,0,0,0,0
PJMD,PJMD_petroleum_liquids_1,Petroleum Liquids,1,14,1,0,0,0,316.4,123,316.356,0,2.57,0,0,0,0,0,0,24000,0,7.43,38,0,11.22,1.794,3.961,south_atlantic_distillate,0,0,0,0,0,0,0,0,0,0,0,0,1,1,1,1,0,0,0,0,0,0,0,0,0,0,0,0,0,0,0,0,0,0,0,0,0,0,0,0
PJME,PJME_conventional_steam_coal_1,Conventional Steam Coal,1,15,1,0,0,0,7803,11,7803.004,0,709.36,0,0,0,0,0,0,60889,0,1.88,124,16.5,10.89,0.583,0.964,middle_atlantic_coal,0,0.095,0.19,0,0,0,0,0,0,0,0,0,1,1,24,24,0,0,0,0,0,0,0,0,0,0,0,0,0,0,0,0,0,0,0,0,0,0,0,0
PJME,PJME_conventional_steam_coal_2,Conventional Steam Coal,2,15,1,0,0,0,868.9,9,868.896,0,96.54,0,0,0,0,0,0,76061,0,1.88,124,16.5,15.47,4.156,3.484,middle_atlantic_coal,0,0.095,0.19,0,0,0,0,0,0,0,0,0,1,1,24,24,0,0,0,0,0,0,0,0,0,0,0,0,0,0,0,0,0,0,0,0,0,0,0,0
PJME,PJME_natural_gas_fired_combined_cycle_1,Natural Gas Fired Combined Cycle,1,15,1,0,0,0,4185.9,19,4185.909,0,220.31,0,0,0,0,0,0,14609,0,4.22,92,2,11.41,3.183,3.266,middle_atlantic_naturalgas,0,0.106666667,0.213333333,0,0,0,0,0,0,0,0,0,1,1,6,6,0,0,0,0,0,0,0,0,0,0,0,0,0,0,0,0,0,0,0,0,0,0,0,0
PJME,PJME_natural_gas_fired_combined_cycle_2,Natural Gas Fired Combined Cycle,2,15,1,0,0,0,22981.1,36,22981.104,0,638.36,0,0,0,0,0,0,11173,0,3.58,92,2,7.16,0.943,0.722,middle_atlantic_naturalgas,0,0.106666667,0.213333333,0,0,0,0,0,0,0,0,0,1,1,6,6,0,0,0,0,0,0,0,0,0,0,0,0,0,0,0,0,0,0,0,0,0,0,0,0
PJME,PJME_natural_gas_fired_combustion_turbine_1,Natural Gas Fired Combustion Turbine,1,15,1,0,0,0,267.5,5,267.5,0,53.5,0,0,0,0,0,0,10931,0,6.8,119,3.5,25.22,0,1.423,middle_atlantic_naturalgas,0,0.106666667,0.213333333,0,0,0,0,0,0,0,0,0,1,1,1,1,0,0,0,0,0,0,0,0,0,0,0,0,0,0,0,0,0,0,0,0,0,0,0,0
PJME,PJME_natural_gas_fired_combustion_turbine_2,Natural Gas Fired Combustion Turbine,2,15,1,0,0,0,3978,44,3977.996,0,90.41,0,0,0,0,0,0,9768,0,6.8,119,3.5,12,0.754,1.359,middle_atlantic_naturalgas,0,0.106666667,0.213333333,0,0,0,0,0,0,0,0,0,1,1,1,1,0,0,0,0,0,0,0,0,0,0,0,0,0,0,0,0,0,0,0,0,0,0,0,0
PJME,PJME_natural_gas_fired_combustion_turbine_3,Natural Gas Fired Combustion Turbine,3,15,1,0,0,0,888.4,44,888.404,0,20.19,0,0,0,0,0,0,13412,0,6.8,119,3.5,11.49,2.439,2.422,middle_atlantic_naturalgas,0,0.106666667,0.213333333,0,0,0,0,0,0,0,0,0,1,1,1,1,0,0,0,0,0,0,0,0,0,0,0,0,0,0,0,0,0,0,0,0,0,0,0,0
PJME,PJME_natural_gas_internal_combustion_engine_1,Natural Gas Internal Combustion Engine,1,15,1,0,0,0,264.8,83,264.77,0,3.19,0,0,0,0,0,0,24000,0,5.95,38,0,8.98,1.079,1.111,middle_atlantic_naturalgas,0,0.106666667,0.213333333,0,0,0,0,0,0,0,0,0,1,1,1,1,0,0,0,0,0,0,0,0,0,0,0,0,0,0,0,0,0,0,0,0,0,0,0,0
PJME,PJME_natural_gas_steam_turbine_1,Natural Gas Steam Turbine,1,15,1,0,0,0,90.2,7,90.202,0,12.89,0,0,0,0,0,0,51303,0,1.06,87,13.7,17.42,7.124,4.133,middle_atlantic_naturalgas,0,0.63,1.26,0,0,0,0,0,0,0,0,0,1,1,6,6,0,0,0,0,0,0,0,0,0,0,0,0,0,0,0,0,0,0,0,0,0,0,0,0
PJME,PJME_nuclear_1,Nuclear,1,15,1,0,0,0,12829.4,11,12829.399,0,1166.31,0,0,0,0,0,0,200756,0,2.47,248,0,10.45,0,0,middle_atlantic_uranium,0,0.041666667,0.083333333,0,0,0,0,0,0,0,0,0,1,1,24,24,0,0,0,0,0,0,0,0,0,0,0,0,0,0,0,0,0,0,0,0,0,0,0,0
PJME,PJME_petroleum_liquids_1,Petroleum Liquids,1,15,1,0,0,0,738.7,102,738.684,0,7.24,0,0,0,0,0,0,24000,0,8.18,38,0,12.35,4.543,5.668,middle_atlantic_distillate,0,0,0,0,0,0,0,0,0,0,0,0,1,1,1,1,0,0,0,0,0,0,0,0,0,0,0,0,0,0,0,0,0,0,0,0,0,0,0,0
PJMW,PJMW_conventional_steam_coal_1,Conventional Steam Coal,1,16,1,0,0,0,19646,28,19646.004,0,701.64,0,0,0,0,0,0,62489,0,1.88,124,16.5,10.24,0.764,0.991,east_north_central_coal,0,0.095,0.19,0,0,0,0,0,0,0,0,0,1,1,24,24,0,0,0,0,0,0,0,0,0,0,0,0,0,0,0,0,0,0,0,0,0,0,0,0
PJMW,PJMW_conventional_steam_coal_2,Conventional Steam Coal,2,16,1,0,0,0,1299,1,1299,0,1299,0,0,0,0,0,0,64299,0,1.88,124,16.5,24.2,3.392,2.867,east_north_central_coal,0,0.095,0.19,0,0,0,0,0,0,0,0,0,1,1,24,24,0,0,0,0,0,0,0,0,0,0,0,0,0,0,0,0,0,0,0,0,0,0,0,0
PJMW,PJMW_conventional_steam_coal_3,Conventional Steam Coal,3,16,1,0,0,0,666,5,666,0,133.2,0,0,0,0,0,0,76440,0,1.88,124,16.5,12.62,2.365,1.756,east_north_central_coal,0,0.095,0.19,0,0,0,0,0,0,0,0,0,1,1,24,24,0,0,0,0,0,0,0,0,0,0,0,0,0,0,0,0,0,0,0,0,0,0,0,0
PJMW,PJMW_natural_gas_fired_combined_cycle_1,Natural Gas Fired Combined Cycle,1,16,1,0,0,0,18210.8,31,18210.795,0,587.45,0,0,0,0,0,0,11107,0,3.58,92,2,6.75,0.503,0.292,east_north_central_naturalgas,0,0.106666667,0.213333333,0,0,0,0,0,0,0,0,0,1,1,6,6,0,0,0,0,0,0,0,0,0,0,0,0,0,0,0,0,0,0,0,0,0,0,0,0
PJMW,PJMW_natural_gas_fired_combined_cycle_2,Natural Gas Fired Combined Cycle,2,16,1,0,0,0,1120.6,10,1120.6,0,112.06,0,0,0,0,0,0,16492,0,4.55,92,2,9.46,3.992,3.964,east_north_central_naturalgas,0,0.106666667,0.213333333,0,0,0,0,0,0,0,0,0,1,1,6,6,0,0,0,0,0,0,0,0,0,0,0,0,0,0,0,0,0,0,0,0,0,0,0,0
PJMW,PJMW_natural_gas_fired_combustion_turbine_1,Natural Gas Fired Combustion Turbine,1,16,1,0,0,0,668.7,31,668.701,0,21.57,0,0,0,0,0,0,13412,0,6.8,119,3.5,12.99,5.808,2.962,east_north_central_naturalgas,0,0.106666667,0.213333333,0,0,0,0,0,0,0,0,0,1,1,1,1,0,0,0,0,0,0,0,0,0,0,0,0,0,0,0,0,0,0,0,0,0,0,0,0
PJMW,PJMW_natural_gas_fired_combustion_turbine_2,Natural Gas Fired Combustion Turbine,2,16,1,0,0,0,10942.4,94,10942.446,0,116.41,0,0,0,0,0,0,9279,0,6.8,119,3.5,11.88,1.86,1.592,east_north_central_naturalgas,0,0.106666667,0.213333333,0,0,0,0,0,0,0,0,0,1,1,1,1,0,0,0,0,0,0,0,0,0,0,0,0,0,0,0,0,0,0,0,0,0,0,0,0
PJMW,PJMW_natural_gas_fired_combustion_turbine_3,Natural Gas Fired Combustion Turbine,3,16,1,0,0,0,0,0,0,0,1,0,0,0,0,0,0,11758,0,6.8,119,3.5,25.3,0.177,3.165,east_north_central_naturalgas,0,0.106666667,0.213333333,0,0,0,0,0,0,0,0,0,1,1,1,1,0,0,0,0,0,0,0,0,0,0,0,0,0,0,0,0,0,0,0,0,0,0,0,0
PJMW,PJMW_natural_gas_internal_combustion_engine_1,Natural Gas Internal Combustion Engine,1,16,1,0,0,0,83.3,22,83.292,0,3.79,0,0,0,0,0,0,24000,0,6.53,38,0,9.86,5.973,2.889,east_north_central_naturalgas,0,0.106666667,0.213333333,0,0,0,0,0,0,0,0,0,1,1,1,1,0,0,0,0,0,0,0,0,0,0,0,0,0,0,0,0,0,0,0,0,0,0,0,0
PJMW,PJMW_natural_gas_steam_turbine_1,Natural Gas Steam Turbine,1,16,1,0,0,0,63.8,17,63.801,0,3.75,0,0,0,0,0,0,51303,0,1.06,87,13.7,9.27,2.296,2.853,east_north_central_naturalgas,0,0.63,1.26,0,0,0,0,0,0,0,0,0,1,1,6,6,0,0,0,0,0,0,0,0,0,0,0,0,0,0,0,0,0,0,0,0,0,0,0,0
PJMW,PJMW_nuclear_1,Nuclear,1,16,1,0,0,0,6326,6,6325.998,0,1054.33,0,0,0,0,0,0,221445,0,2.47,248,0,10.45,0,0,east_north_central_uranium,0,0.041666667,0.083333333,0,0,0,0,0,0,0,0,0,1,1,24,24,0,0,0,0,0,0,0,0,0,0,0,0,0,0,0,0,0,0,0,0,0,0,0,0
PJMW,PJMW_petroleum_liquids_1,Petroleum Liquids,1,16,1,0,0,0,213.5,108,213.516,0,1.98,0,0,0,0,0,0,24000,0,8.02,38,0,12.1,1.285,4.308,east_north_central_distillate,0,0,0,0,0,0,0,0,0,0,0,0,1,1,1,1,0,0,0,0,0,0,0,0,0,0,0,0,0,0,0,0,0,0,0,0,0,0,0,0
RMRG,RMRG_conventional_steam_coal_1,Conventional Steam Coal,1,17,1,0,0,0,4458,14,4458.006,0,318.43,0,0,0,0,0,0,60491,0,1.88,124,16.5,10.62,1.464,0.745,mountain_coal,0,0.095,0.19,0,0,0,0,0,0,0,0,0,1,1,24,24,0,0,0,0,0,0,0,0,0,0,0,0,0,0,0,0,0,0,0,0,0,0,0,0
RMRG,RMRG_conventional_steam_coal_2,Conventional Steam Coal,2,17,1,0,0,0,3321,12,3321,0,276.75,0,0,0,0,0,0,70415,0,1.88,124,16.5,11.28,1.111,0.707,mountain_coal,0,0.095,0.19,0,0,0,0,0,0,0,0,0,1,1,24,24,0,0,0,0,0,0,0,0,0,0,0,0,0,0,0,0,0,0,0,0,0,0,0,0
RMRG,RMRG_natural_gas_fired_combined_cycle_1,Natural Gas Fired Combined Cycle,1,17,1,0,0,0,1606.5,10,1606.5,0,160.65,0,0,0,0,0,0,16492,0,4.55,92,2,8.88,2.478,1.522,mountain_naturalgas,0,0.106666667,0.213333333,0,0,0,0,0,0,0,0,0,1,1,6,6,0,0,0,0,0,0,0,0,0,0,0,0,0,0,0,0,0,0,0,0,0,0,0,0
RMRG,RMRG_natural_gas_fired_combined_cycle_2,Natural Gas Fired Combined Cycle,2,17,1,0,0,0,1955,3,1955.001,0,651.67,0,0,0,0,0,0,9787,0,3.61,92,2,7.66,0.366,0.389,mountain_naturalgas,0,0.106666667,0.213333333,0,0,0,0,0,0,0,0,0,1,1,6,6,0,0,0,0,0,0,0,0,0,0,0,0,0,0,0,0,0,0,0,0,0,0,0,0
RMRG,RMRG_natural_gas_fired_combustion_turbine_1,Natural Gas Fired Combustion Turbine,1,17,1,0,0,0,2724.4,37,2724.384,0,73.63,0,0,0,0,0,0,10066,0,6.8,119,3.5,12.14,0.587,2.332,mountain_naturalgas,0,0.106666667,0.213333333,0,0,0,0,0,0,0,0,0,1,1,1,1,0,0,0,0,0,0,0,0,0,0,0,0,0,0,0,0,0,0,0,0,0,0,0,0
RMRG,RMRG_natural_gas_fired_combustion_turbine_2,Natural Gas Fired Combustion Turbine,2,17,1,0,0,0,382.4,21,382.41,0,18.21,0,0,0,0,0,0,13412,0,6.8,119,3.5,12.68,6.15,4.495,mountain_naturalgas,0,0.106666667,0.213333333,0,0,0,0,0,0,0,0,0,1,1,1,1,0,0,0,0,0,0,0,0,0,0,0,0,0,0,0,0,0,0,0,0,0,0,0,0
RMRG,RMRG_natural_gas_internal_combustion_engine_1,Natural Gas Internal Combustion Engine,1,17,1,0,0,0,243.4,42,243.39,0,5.8,0,0,0,0,0,0,24000,0,6.45,38,0,9.73,0.798,0.6,mountain_naturalgas,0,0.106666667,0.213333333,0,0,0,0,0,0,0,0,0,1,1,1,1,0,0,0,0,0,0,0,0,0,0,0,0,0,0,0,0,0,0,0,0,0,0,0,0
RMRG,RMRG_natural_gas_steam_turbine_1,Natural Gas Steam Turbine,1,17,1,0,0,0,247,1,247,0,247,0,0,0,0,0,0,51303,0,1.06,87,13.7,20.78,7.179,8.41,mountain_naturalgas,0,0.63,1.26,0,0,0,0,0,0,0,0,0,1,1,6,6,0,0,0,0,0,0,0,0,0,0,0,0,0,0,0,0,0,0,0,0,0,0,0,0
RMRG,RMRG_petroleum_liquids_1,Petroleum Liquids,1,17,1,0,0,0,21.1,12,21.096,0,1.76,0,0,0,0,0,0,24000,0,6.88,38,0,10.38,0.347,1.445,mountain_distillate,0,0,0,0,0,0,0,0,0,0,0,0,1,1,1,1,0,0,0,0,0,0,0,0,0,0,0,0,0,0,0,0,0,0,0,0,0,0,0,0
SPPC,SPPC_conventional_steam_coal_1,Conventional Steam Coal,1,18,1,0,0,0,4666.7,10,4666.7,0,466.67,0,0,0,0,0,0,67805,0,1.88,124,16.5,11.2,0.857,0.576,west_north_central_coal,0,0.095,0.19,0,0,0,0,0,0,0,0,0,1,1,24,24,0,0,0,0,0,0,0,0,0,0,0,0,0,0,0,0,0,0,0,0,0,0,0,0
SPPC,SPPC_conventional_steam_coal_2,Conventional Steam Coal,2,18,1,0,0,0,2337.8,3,2337.801,0,779.27,0,0,0,0,0,0,58620,0,1.88,124,16.5,9.78,0.797,0.798,west_north_central_coal,0,0.095,0.19,0,0,0,0,0,0,0,0,0,1,1,24,24,0,0,0,0,0,0,0,0,0,0,0,0,0,0,0,0,0,0,0,0,0,0,0,0
SPPC,SPPC_natural_gas_fired_combined_cycle_1,Natural Gas Fired Combined Cycle,1,18,1,0,0,0,1560.2,3,1560.201,0,520.07,0,0,0,0,0,0,11063,0,3.79,92,2,7.48,0.198,0.223,west_north_central_naturalgas,0,0.106666667,0.213333333,0,0,0,0,0,0,0,0,0,1,1,6,6,0,0,0,0,0,0,0,0,0,0,0,0,0,0,0,0,0,0,0,0,0,0,0,0
SPPC,SPPC_natural_gas_fired_combined_cycle_2,Natural Gas Fired Combined Cycle,2,18,1,0,0,0,312.8,1,312.8,0,312.8,0,0,0,0,0,0,16492,0,4.55,92,2,9.28,0,0,west_north_central_naturalgas,0,0.106666667,0.213333333,0,0,0,0,0,0,0,0,0,1,1,6,6,0,0,0,0,0,0,0,0,0,0,0,0,0,0,0,0,0,0,0,0,0,0,0,0
SPPC,SPPC_natural_gas_fired_combustion_turbine_1,Natural Gas Fired Combustion Turbine,1,18,1,0,0,0,3196.5,37,3196.504,0,86.39,0,0,0,0,0,0,9791,0,6.8,119,3.5,12.92,2.066,1.987,west_north_central_naturalgas,0,0.106666667,0.213333333,0,0,0,0,0,0,0,0,0,1,1,1,1,0,0,0,0,0,0,0,0,0,0,0,0,0,0,0,0,0,0,0,0,0,0,0,0
SPPC,SPPC_natural_gas_fired_combustion_turbine_2,Natural Gas Fired Combustion Turbine,2,18,1,0,0,0,131.4,6,131.4,0,21.9,0,0,0,0,0,0,12252,0,6.8,119,3.5,23.34,5.769,4.988,west_north_central_naturalgas,0,0.106666667,0.213333333,0,0,0,0,0,0,0,0,0,1,1,1,1,0,0,0,0,0,0,0,0,0,0,0,0,0,0,0,0,0,0,0,0,0,0,0,0
SPPC,SPPC_natural_gas_fired_combustion_turbine_3,Natural Gas Fired Combustion Turbine,3,18,1,0,0,0,438.2,12,438.204,0,36.52,0,0,0,0,0,0,13412,0,6.8,119,3.5,12.47,1.874,2.083,west_north_central_naturalgas,0,0.106666667,0.213333333,0,0,0,0,0,0,0,0,0,1,1,1,1,0,0,0,0,0,0,0,0,0,0,0,0,0,0,0,0,0,0,0,0,0,0,0,0
SPPC,SPPC_natural_gas_internal_combustion_engine_1,Natural Gas Internal Combustion Engine,1,18,1,0,0,0,408.3,81,408.321,0,5.04,0,0,0,0,0,0,24000,0,8.35,38,0,12.59,2.517,5.227,west_north_central_naturalgas,0,0.106666667,0.213333333,0,0,0,0,0,0,0,0,0,1,1,1,1,0,0,0,0,0,0,0,0,0,0,0,0,0,0,0,0,0,0,0,0,0,0,0,0
SPPC,SPPC_natural_gas_steam_turbine_1,Natural Gas Steam Turbine,1,18,1,0,0,0,10.5,4,10.5,0,2.62,0,0,0,0,0,0,51303,0,1.06,87,13.7,10.75,4.135,4.574,west_north_central_naturalgas,0,0.63,1.26,0,0,0,0,0,0,0,0,0,1,1,6,6,0,0,0,0,0,0,0,0,0,0,0,0,0,0,0,0,0,0,0,0,0,0,0,0
SPPC,SPPC_nuclear_1,Nuclear,1,18,1,0,0,0,1255,1,1255,0,1255,0,0,0,0,0,0,275171,0,2.47,248,0,10.45,0,0,west_north_central_uranium,0,0.041666667,0.083333333,0,0,0,0,0,0,0,0,0,1,1,24,24,0,0,0,0,0,0,0,0,0,0,0,0,0,0,0,0,0,0,0,0,0,0,0,0
SPPC,SPPC_petroleum_liquids_1,Petroleum Liquids,1,18,1,0,0,0,236,92,235.98,0,2.56,0,0,0,0,0,0,24000,0,9.48,38,0,14.31,2.916,5.415,west_north_central_distillate,0,0,0,0,0,0,0,0,0,0,0,0,1,1,1,1,0,0,0,0,0,0,0,0,0,0,0,0,0,0,0,0,0,0,0,0,0,0,0,0
SPPN,SPPN_conventional_steam_coal_1,Conventional Steam Coal,1,19,1,0,0,0,4289.2,10,4289.2,0,428.92,0,0,0,0,0,0,60402,0,1.88,124,16.5,10.84,2.283,1.149,west_north_central_coal,0,0.095,0.19,0,0,0,0,0,0,0,0,0,1,1,24,24,0,0,0,0,0,0,0,0,0,0,0,0,0,0,0,0,0,0,0,0,0,0,0,0
SPPN,SPPN_conventional_steam_coal_2,Conventional Steam Coal,2,19,1,0,0,0,964.7,9,964.701,0,107.19,0,0,0,0,0,0,74422,0,1.88,124,16.5,14.9,1.589,4.193,west_north_central_coal,0,0.095,0.19,0,0,0,0,0,0,0,0,0,1,1,24,24,0,0,0,0,0,0,0,0,0,0,0,0,0,0,0,0,0,0,0,0,0,0,0,0
SPPN,SPPN_natural_gas_fired_combined_cycle_1,Natural Gas Fired Combined Cycle,1,19,1,0,0,0,300,1,300,0,300,0,0,0,0,0,0,16492,0,4.55,92,2,7.54,0,0,west_north_central_naturalgas,0,0.106666667,0.213333333,0,0,0,0,0,0,0,0,0,1,1,6,6,0,0,0,0,0,0,0,0,0,0,0,0,0,0,0,0,0,0,0,0,0,0,0,0
SPPN,SPPN_natural_gas_fired_combined_cycle_2,Natural Gas Fired Combined Cycle,2,19,1,0,0,0,344.6,2,344.6,0,172.3,0,0,0,0,0,0,16492,0,4.55,92,2,8.61,0.065,0.093,west_north_central_naturalgas,0,0.106666667,0.213333333,0,0,0,0,0,0,0,0,0,1,1,6,6,0,0,0,0,0,0,0,0,0,0,0,0,0,0,0,0,0,0,0,0,0,0,0,0
SPPN,SPPN_natural_gas_fired_combustion_turbine_1,Natural Gas Fired Combustion Turbine,1,19,1,0,0,0,2324.5,27,2324.511,0,86.09,0,0,0,0,0,0,10657,0,6.8,119,3.5,10.9,3.24,1.841,west_north_central_naturalgas,0,0.106666667,0.213333333,0,0,0,0,0,0,0,0,0,1,1,1,1,0,0,0,0,0,0,0,0,0,0,0,0,0,0,0,0,0,0,0,0,0,0,0,0
SPPN,SPPN_natural_gas_fired_combustion_turbine_2,Natural Gas Fired Combustion Turbine,2,19,1,0,0,0,120,3,120,0,40,0,0,0,0,0,0,13412,0,6.8,119,3.5,19.3,0,3.288,west_north_central_naturalgas,0,0.106666667,0.213333333,0,0,0,0,0,0,0,0,0,1,1,1,1,0,0,0,0,0,0,0,0,0,0,0,0,0,0,0,0,0,0,0,0,0,0,0,0
SPPN,SPPN_natural_gas_internal_combustion_engine_1,Natural Gas Internal Combustion Engine,1,19,1,0,0,0,405.3,55,405.295,0,7.37,0,0,0,0,0,0,24000,0,5.77,38,0,8.7,0.743,1.082,west_north_central_naturalgas,0,0.106666667,0.213333333,0,0,0,0,0,0,0,0,0,1,1,1,1,0,0,0,0,0,0,0,0,0,0,0,0,0,0,0,0,0,0,0,0,0,0,0,0
SPPN,SPPN_natural_gas_steam_turbine_1,Natural Gas Steam Turbine,1,19,1,0,0,0,7.5,2,7.5,0,3.75,0,0,0,0,0,0,51303,0,1.06,87,13.7,9.21,1.901,1.501,west_north_central_naturalgas,0,0.63,1.26,0,0,0,0,0,0,0,0,0,1,1,6,6,0,0,0,0,0,0,0,0,0,0,0,0,0,0,0,0,0,0,0,0,0,0,0,0
SPPN,SPPN_nuclear_1,Nuclear,1,19,1,0,0,0,770,1,770,0,770,0,0,0,0,0,0,343964,0,2.47,248,0,10.45,0,0,west_north_central_uranium,0,0.041666667,0.083333333,0,0,0,0,0,0,0,0,0,1,1,24,24,0,0,0,0,0,0,0,0,0,0,0,0,0,0,0,0,0,0,0,0,0,0,0,0
SPPN,SPPN_petroleum_liquids_1,Petroleum Liquids,1,19,1,0,0,0,57.9,31,57.908,0,1.87,0,0,0,0,0,0,24000,0,7.08,38,0,10.69,2.282,2.299,west_north_central_distillate,0,0,0,0,0,0,0,0,0,0,0,0,1,1,1,1,0,0,0,0,0,0,0,0,0,0,0,0,0,0,0,0,0,0,0,0,0,0,0,0
SPPS,SPPS_conventional_steam_coal_1,Conventional Steam Coal,1,20,1,0,0,0,5269,11,5269,0,479,0,0,0,0,0,0,58451,0,1.88,124,16.5,11.28,1.279,0.977,west_south_central_coal,0,0.095,0.19,0,0,0,0,0,0,0,0,0,1,1,24,24,0,0,0,0,0,0,0,0,0,0,0,0,0,0,0,0,0,0,0,0,0,0,0,0
SPPS,SPPS_conventional_steam_coal_2,Conventional Steam Coal,2,20,1,0,0,0,2447,7,2446.997,0,349.57,0,0,0,0,0,0,75552,0,1.88,124,16.5,11.97,2.206,1.615,west_south_central_coal,0,0.095,0.19,0,0,0,0,0,0,0,0,0,1,1,24,24,0,0,0,0,0,0,0,0,0,0,0,0,0,0,0,0,0,0,0,0,0,0,0,0
SPPS,SPPS_natural_gas_fired_combined_cycle_1,Natural Gas Fired Combined Cycle,1,20,1,0,0,0,2095,8,2095,0,261.88,0,0,0,0,0,0,16492,0,4.55,92,2,8.76,1.141,0.888,west_south_central_naturalgas,0,0.106666667,0.213333333,0,0,0,0,0,0,0,0,0,1,1,6,6,0,0,0,0,0,0,0,0,0,0,0,0,0,0,0,0,0,0,0,0,0,0,0,0
SPPS,SPPS_natural_gas_fired_combined_cycle_2,Natural Gas Fired Combined Cycle,2,20,1,0,0,0,6887.7,19,6887.709,0,362.51,0,0,0,0,0,0,11205,0,3.58,92,2,7.27,0.92,0.785,west_south_central_naturalgas,0,0.106666667,0.213333333,0,0,0,0,0,0,0,0,0,1,1,6,6,0,0,0,0,0,0,0,0,0,0,0,0,0,0,0,0,0,0,0,0,0,0,0,0
SPPS,SPPS_natural_gas_fired_combustion_turbine_1,Natural Gas Fired Combustion Turbine,1,20,1,0,0,0,332.4,12,332.4,0,27.7,0,0,0,0,0,0,13412,0,6.8,119,3.5,11.03,1.747,0.995,west_south_central_naturalgas,0,0.106666667,0.213333333,0,0,0,0,0,0,0,0,0,1,1,1,1,0,0,0,0,0,0,0,0,0,0,0,0,0,0,0,0,0,0,0,0,0,0,0,0
SPPS,SPPS_natural_gas_fired_combustion_turbine_2,Natural Gas Fired Combustion Turbine,2,20,1,0,0,0,3263,31,3262.998,0,105.26,0,0,0,0,0,0,9738,0,6.8,119,3.5,11.14,1.598,0.895,west_south_central_naturalgas,0,0.106666667,0.213333333,0,0,0,0,0,0,0,0,0,1,1,1,1,0,0,0,0,0,0,0,0,0,0,0,0,0,0,0,0,0,0,0,0,0,0,0,0
SPPS,SPPS_natural_gas_fired_combustion_turbine_3,Natural Gas Fired Combustion Turbine,3,20,1,0,0,0,135.6,5,135.6,0,27.12,0,0,0,0,0,0,11179,0,6.8,119,3.5,13.26,0.463,0.401,west_south_central_naturalgas,0,0.106666667,0.213333333,0,0,0,0,0,0,0,0,0,1,1,1,1,0,0,0,0,0,0,0,0,0,0,0,0,0,0,0,0,0,0,0,0,0,0,0,0
SPPS,SPPS_natural_gas_internal_combustion_engine_1,Natural Gas Internal Combustion Engine,1,20,1,0,0,0,437.2,55,437.195,0,7.95,0,0,0,0,0,0,24000,0,6.4,38,0,9.65,0.544,2.456,west_south_central_naturalgas,0,0.106666667,0.213333333,0,0,0,0,0,0,0,0,0,1,1,1,1,0,0,0,0,0,0,0,0,0,0,0,0,0,0,0,0,0,0,0,0,0,0,0,0
SPPS,SPPS_natural_gas_steam_turbine_1,Natural Gas Steam Turbine,1,20,1,0,0,0,1479.2,11,1479.203,0,134.47,0,0,0,0,0,0,44670,0,1.06,87,13.7,11.52,1.708,3.53,west_south_central_naturalgas,0,0.63,1.26,0,0,0,0,0,0,0,0,0,1,1,6,6,0,0,0,0,0,0,0,0,0,0,0,0,0,0,0,0,0,0,0,0,0,0,0,0
SPPS,SPPS_petroleum_liquids_1,Petroleum Liquids,1,20,1,0,0,0,52.3,17,52.292,0,3.08,0,0,0,0,0,0,24000,0,8.7,38,0,13.13,2.726,2.635,west_south_central_distillate,0,0,0,0,0,0,0,0,0,0,0,0,1,1,1,1,0,0,0,0,0,0,0,0,0,0,0,0,0,0,0,0,0,0,0,0,0,0,0,0
SRCA,SRCA_conventional_steam_coal_1,Conventional Steam Coal,1,21,1,0,0,0,12994,23,12994.011,0,564.96,0,0,0,0,0,0,63904,0,1.88,124,16.5,10.5,0.952,0.864,south_atlantic_coal,0,0.095,0.19,0,0,0,0,0,0,0,0,0,1,1,24,24,0,0,0,0,0,0,0,0,0,0,0,0,0,0,0,0,0,0,0,0,0,0,0,0
SRCA,SRCA_conventional_steam_coal_2,Conventional Steam Coal,2,21,1,0,0,0,698,1,698,0,698,0,0,0,0,0,0,65762,0,1.88,124,16.5,17.89,1.639,1.893,south_atlantic_coal,0,0.095,0.19,0,0,0,0,0,0,0,0,0,1,1,24,24,0,0,0,0,0,0,0,0,0,0,0,0,0,0,0,0,0,0,0,0,0,0,0,0
SRCA,SRCA_natural_gas_fired_combined_cycle_1,Natural Gas Fired Combined Cycle,1,21,1,0,0,0,9004.2,14,9004.198,0,643.16,0,0,0,0,0,0,10438,0,3.6,92,2,7.05,0.281,0.304,south_atlantic_naturalgas,0,0.106666667,0.213333333,0,0,0,0,0,0,0,0,0,1,1,6,6,0,0,0,0,0,0,0,0,0,0,0,0,0,0,0,0,0,0,0,0,0,0,0,0
SRCA,SRCA_natural_gas_fired_combined_cycle_2,Natural Gas Fired Combined Cycle,2,21,1,0,0,0,316,2,316,0,158,0,0,0,0,0,0,16492,0,4.55,92,2,7.86,0.388,0.427,south_atlantic_naturalgas,0,0.106666667,0.213333333,0,0,0,0,0,0,0,0,0,1,1,6,6,0,0,0,0,0,0,0,0,0,0,0,0,0,0,0,0,0,0,0,0,0,0,0,0