asset_name,asset_name,{true;false},,year,{true;false},{true;false},EUR/MWh,MW,units,units,p.u.
from_asset,to_asset,active,year,commission_year,investable,investment_integer,variable_cost,investment_limit,initial_export_units,initial_import_units,efficiency
NL_E_Balance,BE_E_Balance,true,2030,2030,false,false,0,,3.4,2.4,0.9428
NL_E_Balance,NL_E_Demand,true,2030,2030,false,false,0,,0,0,1
NL_E_ENS,NL_E_Demand,true,2030,2030,false,false,1000,,0,0,1
NL_Wind_Onshore,NL_E_Balance,true,2030,2030,false,false,2.122318581,,0,0,1
NL_Wind_Offshore,NL_E_Balance,true,2030,2030,false,false,4.360331245,,0,0,1
NL_Solar,NL_E_Balance,true,2030,2030,false,false,0,,0,0,1
NL_E_Balance,NL_Battery,true,2030,2030,false,false,0,,0,0,0.9929
NL_Battery,NL_E_Balance,true,2030,2030,false,false,0,,0,0,0.9533
NL_Gas,NL_E_Balance,true,2030,2030,false,false,83.84510038,,0,0,1
NL_OCGT,NL_E_Balance,true,2030,2030,false,false,115.4167367,,0,0,1
BE_E_Balance,BE_E_Demand,true,2030,2030,false,false,0,,0,0,1
BE_E_ENS,BE_E_Demand,true,2030,2030,false,false,1000,,0,0,1
BE_Wind_Onshore,BE_E_Balance,true,2030,2030,false,false,2.152415046,,0,0,1
BE_Wind_Offshore,BE_E_Balance,true,2030,2030,false,false,4.340808609,,0,0,1
BE_Solar,BE_E_Balance,true,2030,2030,false,false,0,,0,0,1
BE_Hydro,BE_E_Balance,true,2030,2030,false,false,0,,0,0,1
BE_E_Balance,BE_Battery,true,2030,2030,false,false,0,,0,0,0.9154
BE_Battery,BE_E_Balance,true,2030,2030,false,false,0,,0,0,0.912
BE_Gas,BE_E_Balance,true,2030,2030,false,false,83.83533906,,0,0,1
BE_OCGT,BE_E_Balance,true,2030,2030,false,false,115.348646,,0,0,1
DE_E_Balance,NL_E_Balance,true,2030,2030,false,false,0,,5,5,0.9356
DE_E_Balance,BE_E_Balance,true,2030,2030,false,false,0,,1,1,0.8777
DE_E_Balance,DE_E_Demand,true,2030,2030,false,false,0,,0,0,1
DE_E_ENS,DE_E_Demand,true,2030,2030,false,false,1000,,0,0,1
DE_Wind_Onshore,DE_E_Balance,true,2030,2030,false,false,2.160026567,,0,0,1
DE_Wind_Offshore,DE_E_Balance,true,2030,2030,false,false,4.371493067,,0,0,1
DE_Solar,DE_E_Balance,true,2030,2030,false,false,0,,0,0,1
DE_Hydro,DE_E_Balance,true,2030,2030,false,false,0,,0,0,1
DE_Hydro_Reservoir,DE_E_Balance,true,2030,2030,false,false,0,,0,0,1
DE_E_Balance,DE_Battery,true,2030,2030,false,false,0,,0,0,0.9337
DE_Battery,DE_E_Balance,true,2030,2030,false,false,0,,0,0,0.9874
DE_E_Balance,DE_Pump_Hydro_Closed,true,2030,2030,false,false,0,,0,0,0.8415
DE_Pump_Hydro_Closed,DE_E_Balance,true,2030,2030,false,false,0,,0,0,0.9099
DE_E_Balance,DE_Pump_Hydro_Open,true,2030,2030,false,false,0,,0,0,0.8712
DE_Pump_Hydro_Open,DE_E_Balance,true,2030,2030,false,false,0,,0,0,0.9146
DE_Coal,DE_E_Balance,true,2030,2030,false,false,53.54070285,,0,0,1
DE_Gas,DE_E_Balance,true,2030,2030,false,false,83.78268507,,0,0,1
DE_OCGT,DE_E_Balance,true,2030,2030,false,false,115.4157375,,0,0,1
FR_E_Balance,DE_E_Balance,true,2030,2030,false,false,0,,1.5,1.5,0.9239
FR_E_Balance,BE_E_Balance,true,2030,2030,false,false,0,,1,1,0.8681
FR_E_Balance,FR_E_Demand,true,2030,2030,false,false,0,,0,0,1
FR_E_ENS,FR_E_Demand,true,2030,2030,false,false,1000,,0,0,1
FR_Wind_Onshore,FR_E_Balance,true,2030,2030,false,false,2.120628987,,0,0,1
FR_Wind_Offshore,FR_E_Balance,true,2030,2030,false,false,4.37738015,,0,0,1
FR_Solar,FR_E_Balance,true,2030,2030,false,false,0,,0,0,1
FR_Hydro,FR_E_Balance,true,2030,2030,false,false,0,,0,0,1
FR_Hydro_Reservoir,FR_E_Balance,true,2030,2030,false,false,0,,0,0,1
FR_Nuclear,FR_E_Balance,true,2030,2030,false,false,12.02491638,,0,0,1
FR_E_Balance,FR_Pump_Hydro_Closed,true,2030,2030,false,false,0,,0,0,0.9171
FR_Pump_Hydro_Closed,FR_E_Balance,true,2030,2030,false,false,0,,0,0,0.8509
FR_E_Balance,FR_Pump_Hydro_Open,true,2030,2030,false,false,0,,0,0,0.8223
FR_Pump_Hydro_Open,FR_E_Balance,true,2030,2030,false,false,0,,0,0,0.8855
FR_Gas,FR_E_Balance,true,2030,2030,false,false,83.84576303,,0,0,1
FR_OCGT,FR_E_Balance,true,2030,2030,false,false,115.3377622,,0,0,1
DK_E_Balance,DE_E_Balance,true,2030,2030,false,false,0,,0.6,0.6,0.9063
DK_E_Balance,NL_E_Balance,true,2030,2030,false,false,0,,0.7,0.7,0.9157
DK_E_Balance,DK_E_Demand,true,2030,2030,false,false,0,,0,0,1
DK_E_ENS,DK_E_Demand,true,2030,2030,false,false,1000,,0,0,1
DK_Wind_Onshore,DK_E_Balance,true,2030,2030,false,false,2.100223174,,0,0,1
DK_Wind_Offshore,DK_E_Balance,true,2030,2030,false,false,4.326968903,,0,0,1
DK_Solar,DK_E_Balance,true,2030,2030,false,false,0,,0,0,1
DK_Gas,DK_E_Balance,true,2030,2030,false,false,83.8219744,,0,0,1
DK_OCGT,DK_E_Balance,true,2030,2030,false,false,115.3332621,,0,0,1
UK_E_Balance,BE_E_Balance,true,2030,2030,false,false,0,,1,1,0.8648
UK_E_Balance,DK_E_Balance,true,2030,2030,false,false,0,,1.4,1.4,0.8613
UK_E_Balance,FR_E_Balance,true,2030,2030,false,false,0,,2,2,0.9093
UK_E_Balance,NL_E_Balance,true,2030,2030,false,false,0,,2,2,0.906
UK_E_Balance,UK_E_Demand,true,2030,2030,false,false,0,,0,0,1
UK_E_ENS,UK_E_Demand,true,2030,2030,false,false,1000,,0,0,1
UK_Wind_Onshore,UK_E_Balance,true,2030,2030,false,false,2.088898506,,0,0,1
UK_Wind_Offshore,UK_E_Balance,true,2030,2030,false,false,4.318552921,,0,0,1
UK_Solar,UK_E_Balance,true,2030,2030,false,false,0,,0,0,1
UK_Hydro,UK_E_Balance,true,2030,2030,false,false,0,,0,0,1
UK_Nuclear,UK_E_Balance,true,2030,2030,false,false,12.07101883,,0,0,1
UK_E_Balance,UK_Battery,true,2030,2030,false,false,0,,0,0,0.9312
UK_Battery,UK_E_Balance,true,2030,2030,false,false,0,,0,0,0.9548
UK_E_Balance,UK_Pump_Hydro_Closed,true,2030,2030,false,false,0,,0,0,0.8864
UK_Pump_Hydro_Closed,UK_E_Balance,true,2030,2030,false,false,0,,0,0,0.9175
UK_Gas,UK_E_Balance,true,2030,2030,false,false,83.82971094,,0,0,1
UK_OCGT,UK_E_Balance,true,2030,2030,false,false,115.3376537,,0,0,1
IE_E_Balance,UK_E_Balance,true,2030,2030,false,false,0,,0.504,0.504,0.9154
IE_E_Balance,FR_E_Balance,true,2030,2030,false,false,0,,0.7,0.7,0.8867
IE_E_Balance,IE_E_Demand,true,2030,2030,false,false,0,,0,0,1
IE_E_ENS,IE_E_Demand,true,2030,2030,false,false,1000,,0,0,1
IE_Wind_Onshore,IE_E_Balance,true,2030,2030,false,false,2.084063722,,0,0,1
IE_Wind_Offshore,IE_E_Balance,true,2030,2030,false,false,4.362994523,,0,0,1
IE_Solar,IE_E_Balance,true,2030,2030,false,false,0,,0,0,1
IE_Hydro,IE_E_Balance,true,2030,2030,false,false,0,,0,0,1
IE_E_Balance,IE_Battery,true,2030,2030,false,false,0,,0,0,0.9693
IE_Battery,IE_E_Balance,true,2030,2030,false,false,0,,0,0,0.9154
IE_E_Balance,IE_Pump_Hydro_Closed,true,2030,2030,false,false,0,,0,0,0.8328
IE_Pump_Hydro_Closed,IE_E_Balance,true,2030,2030,false,false,0,,0,0,0.821
IE_Gas,IE_E_Balance,true,2030,2030,false,false,83.82626242,,0,0,1
IE_OCGT,IE_E_Balance,true,2030,2030,false,false,115.334077,,0,0,1
CH_E_Balance,DE_E_Balance,true,2030,2030,false,false,0,,4.2,3,0.9435
CH_E_Balance,FR_E_Balance,true,2030,2030,false,false,0,,0.5,0.5,0.9056
CH_E_Balance,CH_E_Demand,true,2030,2030,false,false,0,,0,0,1
CH_E_ENS,CH_E_Demand,true,2030,2030,false,false,1000,,0,0,1
CH_Wind_Onshore,CH_E_Balance,true,2030,2030,false,false,2.088792482,,0,0,1
CH_Solar,CH_E_Balance,true,2030,2030,false,false,0,,0,0,1
CH_Hydro,CH_E_Balance,true,2030,2030,false,false,0,,0,0,1
CH_Nuclear,CH_E_Balance,true,2030,2030,false,false,12.00279868,,0,0,1
CH_E_Balance,CH_Battery,true,2030,2030,false,false,0,,0,0,0.9693
CH_Battery,CH_E_Balance,true,2030,2030,false,false,0,,0,0,0.9476
CH_E_Balance,CH_Pump_Hydro_Closed,true,2030,2030,false,false,0,,0,0,0.8362
CH_Pump_Hydro_Closed,CH_E_Balance,true,2030,2030,false,false,0,,0,0,0.8248
CH_E_Balance,CH_Pump_Hydro_Open,true,2030,2030,false,false,0,,0,0,0.8646
CH_Pump_Hydro_Open,CH_E_Balance,true,2030,2030,false,false,0,,0,0,0.8819
AT_E_Balance,CH_E_Balance,true,2030,2030,false,false,0,,1.2,1.2,0.8601
AT_E_Balance,DE_E_Balance,true,2030,2030,false,false,0,,1.5,1.5,0.8993
AT_E_Balance,AT_E_Demand,true,2030,2030,false,false,0,,0,0,1
AT_E_ENS,AT_E_Demand,true,2030,2030,false,false,1000,,0,0,1
AT_Wind_Onshore,AT_E_Balance,true,2030,2030,false,false,2.082933757,,0,0,1
AT_Solar,AT_E_Balance,true,2030,2030,false,false,0,,0,0,1
AT_Hydro,AT_E_Balance,true,2030,2030,false,false,0,,0,0,1
AT_Hydro_Reservoir,AT_E_Balance,true,2030,2030,false,false,0,,0,0,1
AT_E_Balance,AT_Battery,true,2030,2030,false,false,0,,0,0,0.9582
AT_Battery,AT_E_Balance,true,2030,2030,false,false,0,,0,0,0.9403
AT_E_Balance,AT_Pump_Hydro_Closed,true,2030,2030,false,false,0,,0,0,0.906
AT_Pump_Hydro_Closed,AT_E_Balance,true,2030,2030,false,false,0,,0,0,0.8683
AT_E_Balance,AT_Pump_Hydro_Open,true,2030,2030,false,false,0,,0,0,0.8481
AT_Pump_Hydro_Open,AT_E_Balance,true,2030,2030,false,false,0,,0,0,0.9092
AT_Gas,AT_E_Balance,true,2030,2030,false,false,83.77096301,,0,0,1
LU_E_Balance,BE_E_Balance,true,2030,2030,false,false,0,,0.18,0.68,0.9278
LU_E_Balance,DE_E_Balance,true,2030,2030,false,false,0,,2.3,2.3,0.8655
LU_E_Balance,FR_E_Balance,true,2030,2030,false,false,0,,0,0.38,0.9346
LU_E_Balance,LU_E_Demand,true,2030,2030,false,false,0,,0,0,1
LU_E_ENS,LU_E_Demand,true,2030,2030,false,false,1000,,0,0,1
LU_Wind_Onshore,LU_E_Balance,true,2030,2030,false,false,2.074714416,,0,0,1
LU_Solar,LU_E_Balance,true,2030,2030,false,false,0,,0,0,1
LU_Hydro,LU_E_Balance,true,2030,2030,false,false,0,,0,0,1
LU_E_Balance,LU_Pump_Hydro_Closed,true,2030,2030,false,false,0,,0,0,0.8258
LU_Pump_Hydro_Closed,LU_E_Balance,true,2030,2030,false,false,0,,0,0,0.8679
CZ_E_Balance,AT_E_Balance,true,2030,2030,false,false,0,,0.9,0.9,0.9428
CZ_E_Balance,DE_E_Balance,true,2030,2030,false,false,0,,2.1,1.5,0.8591
CZ_E_Balance,CZ_E_Demand,true,2030,2030,false,false,0,,0,0,1
CZ_E_ENS,CZ_E_Demand,true,2030,2030,false,false,1000,,0,0,1
CZ_Wind_Onshore,CZ_E_Balance,true,2030,2030,false,false,2.121848043,,0,0,1
CZ_Solar,CZ_E_Balance,true,2030,2030,false,false,0,,0,0,1
CZ_Hydro,CZ_E_Balance,true,2030,2030,false,false,0,,0,0,1
CZ_Hydro_Reservoir,CZ_E_Balance,true,2030,2030,false,false,0,,0,0,1
CZ_Nuclear,CZ_E_Balance,true,2030,2030,false,false,12.05797105,,0,0,1
CZ_E_Balance,CZ_Battery,true,2030,2030,false,false,0,,0,0,0.9799
CZ_Battery,CZ_E_Balance,true,2030,2030,false,false,0,,0,0,0.9121
CZ_E_Balance,CZ_Pump_Hydro_Closed,true,2030,2030,false,false,0,,0,0,0.8527
CZ_Pump_Hydro_Closed,CZ_E_Balance,true,2030,2030,false,false,0,,0,0,0.8551
CZ_E_Balance,CZ_Pump_Hydro_Open,true,2030,2030,false,false,0,,0,0,0.8383
CZ_Pump_Hydro_Open,CZ_E_Balance,true,2030,2030,false,false,0,,0,0,0.8576
CZ_Coal,CZ_E_Balance,true,2030,2030,false,false,53.54518041,,0,0,1
CZ_Gas,CZ_E_Balance,true,2030,2030,false,false,83.76117713,,0,0,1
PL_E_Balance,DK_E_Balance,true,2030,2030,false,false,0,,0.6,0.6,0.8991
PL_E_Balance,CZ_E_Balance,true,2030,2030,false,false,0,,0.8,0.6,0.9423
PL_E_Balance,DE_E_Balance,true,2030,2030,false,false,0,,3,2,0.9153
PL_E_Balance,PL_E_Demand,true,2030,2030,false,false,0,,0,0,1
PL_E_ENS,PL_E_Demand,true,2030,2030,false,false,1000,,0,0,1
PL_Wind_Onshore,PL_E_Balance,true,2030,2030,false,false,2.133477046,,0,0,1
PL_Wind_Offshore,PL_E_Balance,true,2030,2030,false,false,4.292809464,,0,0,1
PL_Solar,PL_E_Balance,true,2030,2030,false,false,0,,0,0,1
PL_Hydro,PL_E_Balance,true,2030,2030,false,false,0,,0,0,1
PL_Hydro_Reservoir,PL_E_Balance,true,2030,2030,false,false,0,,0,0,1
PL_E_Balance,PL_Pump_Hydro_Closed,true,2030,2030,false,false,0,,0,0,0.9105
PL_Pump_Hydro_Closed,PL_E_Balance,true,2030,2030,false,false,0,,0,0,0.8455
PL_E_Balance,PL_Pump_Hydro_Open,true,2030,2030,false,false,0,,0,0,0.9109
PL_Pump_Hydro_Open,PL_E_Balance,true,2030,2030,false,false,0,,0,0,0.8356
PL_Coal,PL_E_Balance,true,2030,2030,false,false,53.51953135,,0,0,1
PL_Gas,PL_E_Balance,true,2030,2030,false,false,83.80836951,,0,0,1
SE_E_Balance,DK_E_Balance,true,2030,2030,false,false,0,,2.015,2.415,0.8711
SE_E_Balance,PL_E_Balance,true,2030,2030,false,false,0,,0.6,0.6,0.932
SE_E_Balance,DE_E_Balance,true,2030,2030,false,false,0,,0.7,0.7,0.8643
SE_E_Balance,SE_E_Demand,true,2030,2030,false,false,0,,0,0,1
SE_E_ENS,SE_E_Demand,true,2030,2030,false,false,1000,,0,0,1
SE_Wind_Onshore,SE_E_Balance,true,2030,2030,false,false,2.074696507,,0,0,1
SE_Wind_Offshore,SE_E_Balance,true,2030,2030,false,false,4.320527998,,0,0,1
SE_Solar,SE_E_Balance,true,2030,2030,false,false,0,,0,0,1
SE_Hydro_Reservoir,SE_E_Balance,true,2030,2030,false,false,0,,0,0,1
SE_Nuclear,SE_E_Balance,true,2030,2030,false,false,11.994136,,0,0,1
SE_E_Balance,SE_Battery,true,2030,2030,false,false,0,,0,0,0.9911
SE_Battery,SE_E_Balance,true,2030,2030,false,false,0,,0,0,0.9872
SE_Gas,SE_E_Balance,true,2030,2030,false,false,83.81209316,,0,0,1
SE_OCGT,SE_E_Balance,true,2030,2030,false,false,115.3379886,,0,0,1
NO_E_Balance,DK_E_Balance,true,2030,2030,false,false,0,,1.64,1.64,0.9171
NO_E_Balance,NL_E_Balance,true,2030,2030,false,false,0,,0.7,0.7,0.9278
NO_E_Balance,DE_E_Balance,true,2030,2030,false,false,0,,1.4,1.4,0.8977
NO_E_Balance,SE_E_Balance,true,2030,2030,false,false,0,,3.695,3.995,0.8612
NO_E_Balance,UK_E_Balance,true,2030,2030,false,false,0,,1.4,1.4,0.9413
NO_E_Balance,NO_E_Demand,true,2030,2030,false,false,0,,0,0,1
NO_E_ENS,NO_E_Demand,true,2030,2030,false,false,1000,,0,0,1
NO_Wind_Onshore,NO_E_Balance,true,2030,2030,false,false,2.070566553,,0,0,1
NO_Wind_Offshore,NO_E_Balance,true,2030,2030,false,false,4.285828433,,0,0,1
NO_Solar,NO_E_Balance,true,2030,2030,false,false,0,,0,0,1
NO_E_Balance,NO_Pump_Hydro_Open,true,2030,2030,false,false,0,,0,0,0.8452
NO_Pump_Hydro_Open,NO_E_Balance,true,2030,2030,false,false,0,,0,0,0.8636
ES_E_Balance,FR_E_Balance,true,2030,2030,false,false,0,,1.5,1.5,0.9442
ES_E_Balance,ES_E_Demand,true,2030,2030,false,false,0,,0,0,1
ES_E_ENS,ES_E_Demand,true,2030,2030,false,false,1000,,0,0,1
ES_Wind_Onshore,ES_E_Balance,true,2030,2030,false,false,2.158299029,,0,0,1
ES_Wind_Offshore,ES_E_Balance,true,2030,2030,false,false,4.293892715,,0,0,1
ES_Solar,ES_E_Balance,true,2030,2030,false,false,0,,0,0,1
ES_Hydro,ES_E_Balance,true,2030,2030,false,false,0,,0,0,1
ES_Hydro_Reservoir,ES_E_Balance,true,2030,2030,false,false,0,,0,0,1
ES_Nuclear,ES_E_Balance,true,2030,2030,false,false,12.01307603,,0,0,1
ES_E_Balance,ES_Battery,true,2030,2030,false,false,0,,0,0,0.954
ES_Battery,ES_E_Balance,true,2030,2030,false,false,0,,0,0,1.0022
ES_E_Balance,ES_Pump_Hydro_Closed,true,2030,2030,false,false,0,,0,0,0.9089
ES_Pump_Hydro_Closed,ES_E_Balance,true,2030,2030,false,false,0,,0,0,0.9009
ES_E_Balance,ES_Pump_Hydro_Open,true,2030,2030,false,false,0,,0,0,0.8838
ES_Pump_Hydro_Open,ES_E_Balance,true,2030,2030,false,false,0,,0,0,0.8741
ES_Gas,ES_E_Balance,true,2030,2030,false,false,83.75886671,,0,0,1
PT_E_Balance,ES_E_Balance,true,2030,2030,false,false,0,,3.5,4.2,0.8717
PT_E_Balance,PT_E_Demand,true,2030,2030,false,false,0,,0,0,1
PT_E_ENS,PT_E_Demand,true,2030,2030,false,false,1000,,0,0,1
PT_Wind_Onshore,PT_E_Balance,true,2030,2030,false,false,2.093496688,,0,0,1
PT_Wind_Offshore,PT_E_Balance,true,2030,2030,false,false,4.374902086,,0,0,1
PT_Solar,PT_E_Balance,true,2030,2030,false,false,0,,0,0,1
PT_Hydro,PT_E_Balance,true,2030,2030,false,false,0,,0,0,1
PT_Hydro_Reservoir,PT_E_Balance,true,2030,2030,false,false,0,,0,0,1
PT_E_Balance,PT_Pump_Hydro_Open,true,2030,2030,false,false,0,,0,0,0.8866
PT_Pump_Hydro_Open,PT_E_Balance,true,2030,2030,false,false,0,,0,0,0.8361
PT_Gas,PT_E_Balance,true,2030,2030,false,false,83.7558736,,0,0,1
IT_E_Balance,FR_E_Balance,true,2030,2030,false,false,0,,2,4.1,0.8995
IT_E_Balance,CH_E_Balance,true,2030,2030,false,false,0,,1.5,3.75,0.8829
IT_E_Balance,AT_E_Balance,true,2030,2030,false,false,0,,0.5,0.5,0.8778
IT_E_Balance,IT_E_Demand,true,2030,2030,false,false,0,,0,0,1
IT_E_ENS,IT_E_Demand,true,2030,2030,false,false,1000,,0,0,1
IT_Wind_Onshore,IT_E_Balance,true,2030,2030,false,false,2.101183286,,0,0,1
IT_Wind_Offshore,IT_E_Balance,true,2030,2030,false,false,4.28331863,,0,0,1
IT_Solar,IT_E_Balance,true,2030,2030,false,false,0,,0,0,1
IT_Hydro,IT_E_Balance,true,2030,2030,false,false,0,,0,0,1
IT_Hydro_Reservoir,IT_E_Balance,true,2030,2030,false,false,0,,0,0,1
IT_E_Balance,IT_Battery,true,2030,2030,false,false,0,,0,0,0.9139
IT_Battery,IT_E_Balance,true,2030,2030,false,false,0,,0,0,0.961
IT_E_Balance,IT_Pump_Hydro_Closed,true,2030,2030,false,false,0,,0,0,0.9161
IT_Pump_Hydro_Closed,IT_E_Balance,true,2030,2030,false,false,0,,0,0,0.868
IT_E_Balance,IT_Pump_Hydro_Open,true,2030,2030,false,false,0,,0,0,0.8955
IT_Pump_Hydro_Open,IT_E_Balance,true,2030,2030,false,false,0,,0,0,0.8834
IT_Gas,IT_E_Balance,true,2030,2030,false,false,83.84285723,,0,0,1
IT_OCGT,IT_E_Balance,true,2030,2030,false,false,115.4131639,,0,0,1
MT_E_Balance,IT_E_Balance,true,2030,2030,false,false,0,,0.2,0.2,0.9216
MT_E_Balance,MT_E_Demand,true,2030,2030,false,false,0,,0,0,1
MT_E_ENS,MT_E_Demand,true,2030,2030,false,false,1000,,0,0,1
MT_Solar,MT_E_Balance,true,2030,2030,false,false,0,,0,0,1
MT_Gas,MT_E_Balance,true,2030,2030,false,false,83.79484204,,0,0,1
SI_E_Balance,AT_E_Balance,true,2030,2030,false,false,0,,0.95,0.95,0.9099
SI_E_Balance,IT_E_Balance,true,2030,2030,false,false,0,,0.125,0.125,0.8693
SI_E_Balance,SI_E_Demand,true,2030,2030,false,false,0,,0,0,1
SI_E_ENS,SI_E_Demand,true,2030,2030,false,false,1000,,0,0,1
SI_Wind_Onshore,SI_E_Balance,true,2030,2030,false,false,2.1489214,,0,0,1
SI_Solar,SI_E_Balance,true,2030,2030,false,false,0,,0,0,1
SI_Hydro,SI_E_Balance,true,2030,2030,false,false,0,,0,0,1
SI_Nuclear,SI_E_Balance,true,2030,2030,false,false,12.02657353,,0,0,1
SI_E_Balance,SI_Battery,true,2030,2030,false,false,0,,0,0,0.9134
SI_Battery,SI_E_Balance,true,2030,2030,false,false,0,,0,0,0.9081
SI_E_Balance,SI_Pump_Hydro_Closed,true,2030,2030,false,false,0,,0,0,0.9035
SI_Pump_Hydro_Closed,SI_E_Balance,true,2030,2030,false,false,0,,0,0,0.8877
SI_Coal,SI_E_Balance,true,2030,2030,false,false,53.51514886,,0,0,1
SI_Gas,SI_E_Balance,true,2030,2030,false,false,83.82374646,,0,0,1
SI_OCGT,SI_E_Balance,true,2030,2030,false,false,115.4100594,,0,0,1
HU_E_Balance,AT_E_Balance,true,2030,2030,false,false,0,,0.8,0.8,0.857
HU_E_Balance,SI_E_Balance,true,2030,2030,false,false,0,,1.2,1.2,0.8617
HU_E_Balance,HU_E_Demand,true,2030,2030,false,false,0,,0,0,1
HU_E_ENS,HU_E_Demand,true,2030,2030,false,false,1000,,0,0,1
HU_Wind_Onshore,HU_E_Balance,true,2030,2030,false,false,2.067361695,,0,0,1
HU_Solar,HU_E_Balance,true,2030,2030,false,false,0,,0,0,1
HU_Hydro,HU_E_Balance,true,2030,2030,false,false,0,,0,0,1
HU_Nuclear,HU_E_Balance,true,2030,2030,false,false,12.02831865,,0,0,1
HU_E_Balance,HU_Battery,true,2030,2030,false,false,0,,0,0,0.9426
HU_Battery,HU_E_Balance,true,2030,2030,false,false,0,,0,0,0.9777
HU_Gas,HU_E_Balance,true,2030,2030,false,false,83.77563206,,0,0,1
HU_OCGT,HU_E_Balance,true,2030,2030,false,false,115.3797631,,0,0,1
SK_E_Balance,CZ_E_Balance,true,2030,2030,false,false,0,,1.1,1.8,0.8924
SK_E_Balance,HU_E_Balance,true,2030,2030,false,false,0,,2.6,1.8,0.8631
SK_E_Balance,PL_E_Balance,true,2030,2030,false,false,0,,0.99,0.99,0.8709
SK_E_Balance,SK_E_Demand,true,2030,2030,false,false,0,,0,0,1
SK_E_ENS,SK_E_Demand,true,2030,2030,false,false,1000,,0,0,1
SK_Wind_Onshore,SK_E_Balance,true,2030,2030,false,false,2.143441819,,0,0,1
SK_Solar,SK_E_Balance,true,2030,2030,false,false,0,,0,0,1
SK_Hydro,SK_E_Balance,true,2030,2030,false,false,0,,0,0,1
SK_Hydro_Reservoir,SK_E_Balance,true,2030,2030,false,false,0,,0,0,1
SK_Nuclear,SK_E_Balance,true,2030,2030,false,false,12.04217268,,0,0,1
SK_E_Balance,SK_Pump_Hydro_Closed,true,2030,2030,false,false,0,,0,0,0.889
SK_Pump_Hydro_Closed,SK_E_Balance,true,2030,2030,false,false,0,,0,0,0.906
SK_E_Balance,SK_Pump_Hydro_Open,true,2030,2030,false,false,0,,0,0,0.8816
SK_Pump_Hydro_Open,SK_E_Balance,true,2030,2030,false,false,0,,0,0,0.8749
SK_Coal,SK_E_Balance,true,2030,2030,false,false,53.54298741,,0,0,1
SK_Gas,SK_E_Balance,true,2030,2030,false,false,83.78537984,,0,0,1
LT_E_Balance,SE_E_Balance,true,2030,2030,false,false,0,,0.7,0.7,0.9128
LT_E_Balance,PL_E_Balance,true,2030,2030,false,false,0,,0.7,0.7,0.907
LT_E_Balance,LT_E_Demand,true,2030,2030,false,false,0,,0,0,1
LT_E_ENS,LT_E_Demand,true,2030,2030,false,false,1000,,0,0,1
LT_Wind_Onshore,LT_E_Balance,true,2030,2030,false,false,2.102602655,,0,0,1
LT_Wind_Offshore,LT_E_Balance,true,2030,2030,false,false,4.365176933,,0,0,1
LT_Solar,LT_E_Balance,true,2030,2030,false,false,0,,0,0,1
LT_Hydro,LT_E_Balance,true,2030,2030,false,false,0,,0,0,1
LT_E_Balance,LT_Battery,true,2030,2030,false,false,0,,0,0,0.9455
LT_Battery,LT_E_Balance,true,2030,2030,false,false,0,,0,0,0.941
LT_E_Balance,LT_Pump_Hydro_Closed,true,2030,2030,false,false,0,,0,0,0.8385
LT_Pump_Hydro_Closed,LT_E_Balance,true,2030,2030,false,false,0,,0,0,0.8992
LT_Gas,LT_E_Balance,true,2030,2030,false,false,83.7818113,,0,0,1
LV_E_Balance,LT_E_Balance,true,2030,2030,false,false,0,,0.95,0.95,0.8632
LV_E_Balance,LV_E_Demand,true,2030,2030,false,false,0,,0,0,1
LV_E_ENS,LV_E_Demand,true,2030,2030,false,false,1000,,0,0,1
LV_Wind_Onshore,LV_E_Balance,true,2030,2030,false,false,2.14760972,,0,0,1
LV_Wind_Offshore,LV_E_Balance,true,2030,2030,false,false,4.359000546,,0,0,1
LV_Solar,LV_E_Balance,true,2030,2030,false,false,0,,0,0,1
LV_Hydro,LV_E_Balance,true,2030,2030,false,false,0,,0,0,1
LV_Gas,LV_E_Balance,true,2030,2030,false,false,83.81162794,,0,0,1
EE_E_Balance,LV_E_Balance,true,2030,2030,false,false,0,,1.1,0.9,0.8939
EE_E_Balance,EE_E_Demand,true,2030,2030,false,false,0,,0,0,1
EE_E_ENS,EE_E_Demand,true,2030,2030,false,false,1000,,0,0,1
EE_Wind_Onshore,EE_E_Balance,true,2030,2030,false,false,2.065242457,,0,0,1
EE_Wind_Offshore,EE_E_Balance,true,2030,2030,false,false,4.30456135,,0,0,1
EE_Solar,EE_E_Balance,true,2030,2030,false,false,0,,0,0,1
FI_E_Balance,EE_E_Balance,true,2030,2030,false,false,0,,1.016,1,0.8788
FI_E_Balance,SE_E_Balance,true,2030,2030,false,false,0,,2.1,2,0.8796
FI_E_Balance,FI_E_Demand,true,2030,2030,false,false,0,,0,0,1
FI_E_ENS,FI_E_Demand,true,2030,2030,false,false,1000,,0,0,1
FI_Wind_Onshore,FI_E_Balance,true,2030,2030,false,false,2.075190772,,0,0,1
FI_Wind_Offshore,FI_E_Balance,true,2030,2030,false,false,4.303738432,,0,0,1
FI_Solar,FI_E_Balance,true,2030,2030,false,false,0,,0,0,1
FI_Hydro_Reservoir,FI_E_Balance,true,2030,2030,false,false,0,,0,0,1
FI_Nuclear,FI_E_Balance,true,2030,2030,false,false,12.06970093,,0,0,1
FI_E_Balance,FI_Battery,true,2030,2030,false,false,0,,0,0,0.9586
FI_Battery,FI_E_Balance,true,2030,2030,false,false,0,,0,0,0.9678
FI_Gas,FI_E_Balance,true,2030,2030,false,false,83.8296966,,0,0,1
FI_OCGT,FI_E_Balance,true,2030,2030,false,false,115.4145115,,0,0,1
HR_E_Balance,HU_E_Balance,true,2030,2030,false,false,0,,1.7,1.7,0.9286
HR_E_Balance,SI_E_Balance,true,2030,2030,false,false,0,,2,2,0.8669
HR_E_Balance,HR_E_Demand,true,2030,2030,false,false,0,,0,0,1
HR_E_ENS,HR_E_Demand,true,2030,2030,false,false,1000,,0,0,1
HR_Wind_Onshore,HR_E_Balance,true,2030,2030,false,false,2.139119958,,0,0,1
HR_Solar,HR_E_Balance,true,2030,2030,false,false,0,,0,0,1
HR_Hydro,HR_E_Balance,true,2030,2030,false,false,0,,0,0,1
HR_Hydro_Reservoir,HR_E_Balance,true,2030,2030,false,false,0,,0,0,1
HR_E_Balance,HR_Battery,true,2030,2030,false,false,0,,0,0,0.9118
HR_Battery,HR_E_Balance,true,2030,2030,false,false,0,,0,0,0.9304
HR_E_Balance,HR_Pump_Hydro_Open,true,2030,2030,false,false,0,,0,0,0.9036
HR_Pump_Hydro_Open,HR_E_Balance,true,2030,2030,false,false,0,,0,0,0.849
HR_Coal,HR_E_Balance,true,2030,2030,false,false,53.5330011,,0,0,1
HR_Gas,HR_E_Balance,true,2030,2030,false,false,83.81208908,,0,0,1
GR_E_Balance,IT_E_Balance,true,2030,2030,false,false,0,,0.5,0.5,0.9409
GR_E_Balance,GR_E_Demand,true,2030,2030,false,false,0,,0,0,1
GR_E_ENS,GR_E_Demand,true,2030,2030,false,false,1000,,0,0,1
GR_Wind_Onshore,GR_E_Balance,true,2030,2030,false,false,2.092742723,,0,0,1
GR_Wind_Offshore,GR_E_Balance,true,2030,2030,false,false,4.330856788,,0,0,1
GR_Solar,GR_E_Balance,true,2030,2030,false,false,0,,0,0,1
GR_Hydro,GR_E_Balance,true,2030,2030,false,false,0,,0,0,1
GR_Hydro_Reservoir,GR_E_Balance,true,2030,2030,false,false,0,,0,0,1
GR_E_Balance,GR_Battery,true,2030,2030,false,false,0,,0,0,0.9388
GR_Battery,GR_E_Balance,true,2030,2030,false,false,0,,0,0,0.9815
GR_E_Balance,GR_Pump_Hydro_Closed,true,2030,2030,false,false,0,,0,0,0.9131
GR_Pump_Hydro_Closed,GR_E_Balance,true,2030,2030,false,false,0,,0,0,0.8655
GR_E_Balance,GR_Pump_Hydro_Open,true,2030,2030,false,false,0,,0,0,0.8367
GR_Pump_Hydro_Open,GR_E_Balance,true,2030,2030,false,false,0,,0,0,0.8437
GR_Gas,GR_E_Balance,true,2030,2030,false,false,83.80562819,,0,0,1
GR_OCGT,GR_E_Balance,true,2030,2030,false,false,115.382997,,0,0,1
BG_E_Balance,GR_E_Balance,true,2030,2030,false,false,0,,1.7,1.4,0.8937
BG_E_Balance,BG_E_Demand,true,2030,2030,false,false,0,,0,0,1
BG_E_ENS,BG_E_Demand,true,2030,2030,false,false,1000,,0,0,1
BG_Wind_Onshore,BG_E_Balance,true,2030,2030,false,false,2.102121748,,0,0,1
BG_Solar,BG_E_Balance,true,2030,2030,false,false,0,,0,0,1
BG_Hydro,BG_E_Balance,true,2030,2030,false,false,0,,0,0,1
BG_Hydro_Reservoir,BG_E_Balance,true,2030,2030,false,false,0,,0,0,1
BG_Nuclear,BG_E_Balance,true,2030,2030,false,false,12.03832327,,0,0,1
BG_E_Balance,BG_Pump_Hydro_Closed,true,2030,2030,false,false,0,,0,0,0.8898
BG_Pump_Hydro_Closed,BG_E_Balance,true,2030,2030,false,false,0,,0,0,0.8994
BG_E_Balance,BG_Pump_Hydro_Open,true,2030,2030,false,false,0,,0,0,0.8856
BG_Pump_Hydro_Open,BG_E_Balance,true,2030,2030,false,false,0,,0,0,0.8359
BG_Coal,BG_E_Balance,true,2030,2030,false,false,53.51691111,,0,0,1
BG_Gas,BG_E_Balance,true,2030,2030,false,false,83.79364911,,0,0,1
BG_OCGT,BG_E_Balance,true,2030,2030,false,false,115.4087459,,0,0,1
RO_E_Balance,BG_E_Balance,true,2030,2030,false,false,0,,1.4,1.5,0.9252
RO_E_Balance,HU_E_Balance,true,2030,2030,false,false,0,,0.5,0.5,0.9342
RO_E_Balance,RO_E_Demand,true,2030,2030,false,false,0,,0,0,1
RO_E_ENS,RO_E_Demand,true,2030,2030,false,false,1000,,0,0,1
RO_Wind_Onshore,RO_E_Balance,true,2030,2030,false,false,2.1510954,,0,0,1
RO_Solar,RO_E_Balance,true,2030,2030,false,false,0,,0,0,1
RO_Hydro,RO_E_Balance,true,2030,2030,false,false,0,,0,0,1
RO_Hydro_Reservoir,RO_E_Balance,true,2030,2030,false,false,0,,0,0,1
RO_Nuclear,RO_E_Balance,true,2030,2030,false,false,12.07232929,,0,0,1
RO_E_Balance,RO_Battery,true,2030,2030,false,false,0,,0,0,0.9802
RO_Battery,RO_E_Balance,true,2030,2030,false,false,0,,0,0,0.9975
RO_E_Balance,RO_Pump_Hydro_Open,true,2030,2030,false,false,0,,0,0,0.8974
RO_Pump_Hydro_Open,RO_E_Balance,true,2030,2030,false,false,0,,0,0,0.8451
RO_Coal,RO_E_Balance,true,2030,2030,false,false,53.53287183,,0,0,1
RO_Gas,RO_E_Balance,true,2030,2030,false,false,83.81270031,,0,0,1
RO_OCGT,RO_E_Balance,true,2030,2030,false,false,115.4170352,,0,0,1
CY_E_Balance,GR_E_Balance,true,2030,2030,false,false,0,,1,1,0.8863
CY_E_Balance,CY_E_Demand,true,2030,2030,false,false,0,,0,0,1
CY_E_ENS,CY_E_Demand,true,2030,2030,false,false,1000,,0,0,1
CY_Wind_Onshore,CY_E_Balance,true,2030,2030,false,false,2.076241784,,0,0,1
CY_Solar,CY_E_Balance,true,2030,2030,false,false,0,,0,0,1
CY_E_Balance,CY_Battery,true,2030,2030,false,false,0,,0,0,0.9295
CY_Battery,CY_E_Balance,true,2030,2030,false,false,0,,0,0,0.9837
CY_Gas,CY_E_Balance,true,2030,2030,false,false,83.83318349,,0,0,1
